recording_id,source_ids,role,date,title,description,duration_seconds,size,source_sha256,bank_relative_path,canonical_path,incorporation_status,archive_status,original_names,work_products,topic_routes
R4dda58c0ff99,[],original,2026-09-20,Caliper assessment - submitted answers and review,Screen recording of the Caliper assessment used to reconstruct submitted answers and independent interpretation; not an official Caliper score.,4266.6,752239607,4dda58c0ff994e7c595f2e0b3703750669ec85898d464de9eeb4957c59eae67d,Assessments\2026-09-20 - Caliper assessment - submitted answers and review - R4dda58c0ff99.mp4,F:\SEED BANK\RECORDINGS\Assessments\2026-09-20 - Caliper assessment - submitted answers and review - R4dda58c0ff99.mp4,reviewed in Caliper answer record and interpretation,archived and verified,"[""20260920-2047-36.4056800.mp4""]","[{""title"": ""Caliper Answer Record"", ""path"": ""C:\\Users\\benja\\Dropbox\\THE PERFORMANCE TEAM\\ADMINISTRATION\\Evaluations\\Personality test\\CALIPER - ANSWER RECORD - 2026-09-20.pdf"", ""relationship"": ""assessment evidence""}, {""title"": ""Caliper Independent Interpretation"", ""path"": ""C:\\Users\\benja\\Dropbox\\THE PERFORMANCE TEAM\\ADMINISTRATION\\Evaluations\\Personality test\\CALIPER - INDEPENDENT INTERPRETATION - 2026-09-20.pdf"", ""relationship"": ""assessment evidence""}]",[]
R27a28e19e229,[],original,2026-05-12,BBDF and Obsidian - system presentation and project manager,"Sampled discussion of BBDF/Obsidian integration, local Python tools and a project-management interface. Full discussion and participant attribution have not been reviewed.",5475.029625,139389632,27a28e19e22981d9fef41c51da34ac5cb8d865f60ed8223e08357e4618532f6e,BBDF\2026-05-12 - BBDF and Obsidian - system presentation and project manager - R27a28e19e229.m4a,F:\SEED BANK\RECORDINGS\BBDF\2026-05-12 - BBDF and Obsidian - system presentation and project manager - R27a28e19e229.m4a,identified from sampled local speech; downstream artifact not verified,archived and verified,"[""Recording (8).m4a""]",[],[]
Re69a78266c65,[],original,2026-07-28,Ben and Gabe - BBDF layout conversation,"Three-hour Ben/Gabe discussion of the BBDF system, with 36 transcript parts and speaker-identification notes.",10800.039479,274906873,e69a78266c65e222ea2719b1c698e09f66aed60bfcfed5eeecf42385f3f83f4a,BBDF\2026-07-28 - Ben and Gabe - BBDF layout conversation - Re69a78266c65.m4a,F:\SEED BANK\RECORDINGS\BBDF\2026-07-28 - Ben and Gabe - BBDF layout conversation - Re69a78266c65.m4a,transcript set exists,archived and verified,"[""GABE_BEN_BBDF_conversatio_7-28-26.m4a""]","[{""title"": ""Ben/Gabe transcript set and speaker notes"", ""path"": ""C:\\Users\\benja\\Dropbox\\THE PERFORMANCE TEAM\\Sound Recordings\\GABE_BEN_7-28-26_TRANSCRIPT FILES"", ""relationship"": ""transcribed discussion""}]",[]
R0dc9736b2581,[],original,2026-08-19,Front Desk - development specs interface feedback,"Voice note reviewing the BBDF Front Desk development-specs tab: progress/history views, status colors and behavior. No specific delivered spec has been verified.",364.361813,9273240,0dc9736b258199a844fbb2a00c9ad7a6c283d14abb2dfc90affe077880bcf905,BBDF\2026-08-19 - Front Desk - development specs interface feedback - R0dc9736b2581.m4a,F:\SEED BANK\RECORDINGS\BBDF\2026-08-19 - Front Desk - development specs interface feedback - R0dc9736b2581.m4a,identified from sampled local speech; downstream artifact not verified,archived and verified,"[""Recording (9).m4a""]",[],[]
R7892b6946280,[],original,undated,Flow-field infographic animation - visual reference,"Video showing a fluid-flow/topology-style dashboard with streamlines, equations, metrics and a color matrix. Identified from a sampled frame; no downstream design artifact has been verified.",52.933333,11439771,7892b6946280699b6c429e997518251a12d22c57b64bdac279786fe115ab9657,Design References\undated - Flow-field infographic animation - visual reference - R7892b6946280.mp4,F:\SEED BANK\RECORDINGS\Design References\undated - Flow-field infographic animation - visual reference - R7892b6946280.mp4,sampled visual identification; work-product association unverified,archived and verified,"[""recording for processing.MP4""]",[],[]
R99dab593c0b0,"[""S01""]",original,2026-09-10,"Structural inspection, foundations and reporting","Structural inspection, foundations and reporting",628.458646,156459778,99dab593c0b062d70aaff0d886503c67c9f7a84f186c16b340913b8656b67c0f,Home Inspection\2026-09-10 - S01 - Structural inspection foundations and reporting - R99dab593c0b0.mp4,F:\SEED BANK\RECORDINGS\Home Inspection\2026-09-10 - S01 - Structural inspection foundations and reporting - R99dab593c0b0.mp4,incorporated in SG-009; carried forward to SG-010,archived and verified,"[""Screen Recording 2026-09-10 233940.mp4""]","[{""title"": ""Home Inspection Study Guide family"", ""path"": ""C:\\Users\\benja\\Dropbox\\THE PERFORMANCE TEAM\\Home Inspection Training\\CURRENT EDITION"", ""relationship"": ""incorporated in SG-009; carried forward to SG-010""}, {""title"": ""Published SG-009 source register"", ""path"": ""C:\\Users\\benja\\Dropbox\\THE PERFORMANCE TEAM\\Home Inspection Training\\Study Guide Editions\\SG-009\\intake-sources.json"", ""relationship"": ""historical source attribution""}]","[{""topic_id"": ""inspection_method"", ""title"": ""Observe before you conclude""}, {""topic_id"": ""inspection_method"", ""title"": ""Observe before you conclude""}, {""topic_id"": ""inspection_method"", ""title"": ""Observe before you conclude""}, {""topic_id"": ""inspection_method"", ""title"": ""Observe before you conclude""}, {""topic_id"": ""foundation_types"", ""title"": ""Identify the foundation and slab""}, {""topic_id"": ""foundation_types"", ""title"": ""Identify the foundation and slab""}, {""topic_id"": ""foundation_types"", ""title"": ""Identify the foundation and slab""}, {""topic_id"": ""foundation_types"", ""title"": ""Identify the foundation and slab""}, {""topic_id"": ""foundation_types"", ""title"": ""Identify the foundation and slab""}, {""topic_id"": ""foundation_types"", ""title"": ""Identify the foundation and slab""}, {""topic_id"": ""foundation_types"", ""title"": ""Identify the foundation and slab""}, {""topic_id"": ""movement"", ""title"": ""Read cracks with the surrounding structure""}, {""topic_id"": ""movement"", ""title"": ""Read cracks with the surrounding structure""}, {""topic_id"": ""movement"", ""title"": ""Read cracks with the surrounding structure""}, {""topic_id"": ""movement"", ""title"": ""Read cracks with the surrounding structure""}, {""topic_id"": ""movement"", ""title"": ""Read cracks with the surrounding structure""}, {""topic_id"": ""movement"", ""title"": ""Read cracks with the surrounding structure""}, {""topic_id"": ""reporting"", ""title"": ""Make the report useful to the client""}, {""topic_id"": ""reporting"", ""title"": ""Make the report useful to the client""}, {""topic_id"": ""reporting"", ""title"": ""Make the report useful to the client""}, {""topic_id"": ""reporting"", ""title"": ""Make the report useful to the client""}]"
R044a6c2cca64,"[""S02""]",original,2026-09-10,Structural inspection exam review,Structural inspection exam review,20.9333,4194927,044a6c2cca641a247a1bf85ea49d171960312627dddcbfe7afc81b17d0bdcf80,Home Inspection\2026-09-10 - S02 - Structural inspection exam review - R044a6c2cca64.mp4,F:\SEED BANK\RECORDINGS\Home Inspection\2026-09-10 - S02 - Structural inspection exam review - R044a6c2cca64.mp4,incorporated in SG-009; carried forward to SG-010,archived and verified,"[""Recording 2026-09-10 234813.mp4""]","[{""title"": ""Home Inspection Study Guide family"", ""path"": ""C:\\Users\\benja\\Dropbox\\THE PERFORMANCE TEAM\\Home Inspection Training\\CURRENT EDITION"", ""relationship"": ""incorporated in SG-009; carried forward to SG-010""}, {""title"": ""Published SG-009 source register"", ""path"": ""C:\\Users\\benja\\Dropbox\\THE PERFORMANCE TEAM\\Home Inspection Training\\Study Guide Editions\\SG-009\\intake-sources.json"", ""relationship"": ""historical source attribution""}]",[]
Rb96f6c76cb87,"[""S03""]",original,2026-09-11,"Basement moisture, drainage and framing","Basement moisture, drainage and framing",4328.6333,1106681708,b96f6c76cb87191ee002843da79a03a16113ec8b744598bdeefabea9a924944a,Home Inspection\2026-09-11 - S03 - Basement moisture drainage and framing - Rb96f6c76cb87.mp4,F:\SEED BANK\RECORDINGS\Home Inspection\2026-09-11 - S03 - Basement moisture drainage and framing - Rb96f6c76cb87.mp4,incorporated in SG-009; carried forward to SG-010,archived and verified,"[""Recording 2026-09-11 011637.mp4""]","[{""title"": ""Home Inspection Study Guide family"", ""path"": ""C:\\Users\\benja\\Dropbox\\THE PERFORMANCE TEAM\\Home Inspection Training\\CURRENT EDITION"", ""relationship"": ""incorporated in SG-009; carried forward to SG-010""}, {""title"": ""Published SG-009 source register"", ""path"": ""C:\\Users\\benja\\Dropbox\\THE PERFORMANCE TEAM\\Home Inspection Training\\Study Guide Editions\\SG-009\\intake-sources.json"", ""relationship"": ""historical source attribution""}]","[{""topic_id"": ""inspection_method"", ""title"": ""Observe before you conclude""}, {""topic_id"": ""movement"", ""title"": ""Read cracks with the surrounding structure""}, {""topic_id"": ""moisture"", ""title"": ""Distinguish moisture evidence from its cause""}, {""topic_id"": ""moisture"", ""title"": ""Distinguish moisture evidence from its cause""}, {""topic_id"": ""moisture"", ""title"": ""Distinguish moisture evidence from its cause""}, {""topic_id"": ""moisture"", ""title"": ""Distinguish moisture evidence from its cause""}, {""topic_id"": ""moisture"", ""title"": ""Distinguish moisture evidence from its cause""}, {""topic_id"": ""drainage"", ""title"": ""Trace drainage and test the available controls""}, {""topic_id"": ""drainage"", ""title"": ""Trace drainage and test the available controls""}, {""topic_id"": ""drainage"", ""title"": ""Trace drainage and test the available controls""}, {""topic_id"": ""drainage"", ""title"": ""Trace drainage and test the available controls""}, {""topic_id"": ""drainage"", ""title"": ""Trace drainage and test the available controls""}, {""topic_id"": ""drainage"", ""title"": ""Trace drainage and test the available controls""}, {""topic_id"": ""access_and_services"", ""title"": ""Check access and traces of earlier services""}, {""topic_id"": ""access_and_services"", ""title"": ""Check access and traces of earlier services""}, {""topic_id"": ""access_and_services"", ""title"": ""Check access and traces of earlier services""}, {""topic_id"": ""access_and_services"", ""title"": ""Check access and traces of earlier services""}, {""topic_id"": ""access_and_services"", ""title"": ""Check access and traces of earlier services""}, {""topic_id"": ""supports"", ""title"": ""Follow the bearing interfaces""}, {""topic_id"": ""supports"", ""title"": ""Follow the bearing interfaces""}, {""topic_id"": ""supports"", ""title"": ""Follow the bearing interfaces""}, {""topic_id"": ""supports"", ""title"": ""Follow the bearing interfaces""}, {""topic_id"": ""supports"", ""title"": ""Follow the bearing interfaces""}, {""topic_id"": ""supports"", ""title"": ""Follow the bearing interfaces""}, {""topic_id"": ""notches_and_holes"", ""title"": ""Separate notch limits from hole limits""}, {""topic_id"": ""notches_and_holes"", ""title"": ""Separate notch limits from hole limits""}, {""topic_id"": ""notches_and_holes"", ""title"": ""Separate notch limits from hole limits""}, {""topic_id"": ""notches_and_holes"", ""title"": ""Separate notch limits from hole limits""}, {""topic_id"": ""engineered_and_connections"", ""title"": ""Identify the member and its connection""}, {""topic_id"": ""engineered_and_connections"", ""title"": ""Identify the member and its connection""}, {""topic_id"": ""engineered_and_connections"", ""title"": ""Identify the member and its connection""}, {""topic_id"": ""engineered_and_connections"", ""title"": ""Identify the member and its connection""}, {""topic_id"": ""engineered_and_connections"", ""title"": ""Identify the member and its connection""}, {""topic_id"": ""engineered_and_connections"", ""title"": ""Identify the member and its connection""}, {""topic_id"": ""engineered_and_connections"", ""title"": ""Identify the member and its connection""}, {""topic_id"": ""reporting"", ""title"": ""Make the report useful to the client""}, {""topic_id"": ""reporting"", ""title"": ""Make the report useful to the client""}, {""topic_id"": ""reporting"", ""title"": ""Make the report useful to the client""}]"
R16044827fe25,"[""S04""]",original,2026-09-11,Unit 3 exam and corrections,Unit 3 exam and corrections,280.4,29485780,16044827fe25c8d585bebea0dd4a685bab11f85c8ba54227a13dcdc07c2a8936,Home Inspection\2026-09-11 - S04 - Unit 3 exam and corrections - R16044827fe25.mp4,F:\SEED BANK\RECORDINGS\Home Inspection\2026-09-11 - S04 - Unit 3 exam and corrections - R16044827fe25.mp4,incorporated in SG-009; carried forward to SG-010,archived and verified,"[""Recording 2026-09-11 012220.mp4""]","[{""title"": ""Home Inspection Study Guide family"", ""path"": ""C:\\Users\\benja\\Dropbox\\THE PERFORMANCE TEAM\\Home Inspection Training\\CURRENT EDITION"", ""relationship"": ""incorporated in SG-009; carried forward to SG-010""}, {""title"": ""Published SG-009 source register"", ""path"": ""C:\\Users\\benja\\Dropbox\\THE PERFORMANCE TEAM\\Home Inspection Training\\Study Guide Editions\\SG-009\\intake-sources.json"", ""relationship"": ""historical source attribution""}]","[{""topic_id"": ""moisture"", ""title"": ""Distinguish moisture evidence from its cause""}, {""topic_id"": ""moisture"", ""title"": ""Distinguish moisture evidence from its cause""}, {""topic_id"": ""access_and_services"", ""title"": ""Check access and traces of earlier services""}, {""topic_id"": ""notches_and_holes"", ""title"": ""Separate notch limits from hole limits""}]"
Rff015d97e3a9,"[""S05""]",original,2026-09-11,"Crawl spaces, slabs, post-tension construction, and Unit 4 exam review","Crawl spaces, slabs, post-tension construction, and Unit 4 exam review",2188.9,548615754,ff015d97e3a9382bf77c9a16ca032860c87732e94c5fb6db69f81fe50efebbcb,Home Inspection\2026-09-11 - S05 - Crawl spaces slabs post-tension construction and Unit 4 exam review - Rff015d97e3a9.mp4,F:\SEED BANK\RECORDINGS\Home Inspection\2026-09-11 - S05 - Crawl spaces slabs post-tension construction and Unit 4 exam review - Rff015d97e3a9.mp4,incorporated in SG-009; carried forward to SG-010,archived and verified,"[""Recording 2026-09-11 022829.mp4""]","[{""title"": ""Home Inspection Study Guide family"", ""path"": ""C:\\Users\\benja\\Dropbox\\THE PERFORMANCE TEAM\\Home Inspection Training\\CURRENT EDITION"", ""relationship"": ""incorporated in SG-009; carried forward to SG-010""}, {""title"": ""Published SG-009 source register"", ""path"": ""C:\\Users\\benja\\Dropbox\\THE PERFORMANCE TEAM\\Home Inspection Training\\Study Guide Editions\\SG-009\\intake-sources.json"", ""relationship"": ""historical source attribution""}]","[{""topic_id"": ""crawl_access"", ""title"": ""Plan crawl-space access and evidence""}, {""topic_id"": ""crawl_access"", ""title"": ""Plan crawl-space access and evidence""}, {""topic_id"": ""crawl_access"", ""title"": ""Plan crawl-space access and evidence""}, {""topic_id"": ""crawl_access"", ""title"": ""Plan crawl-space access and evidence""}, {""topic_id"": ""crawl_access"", ""title"": ""Plan crawl-space access and evidence""}, {""topic_id"": ""crawl_access"", ""title"": ""Plan crawl-space access and evidence""}, {""topic_id"": ""crawl_access"", ""title"": ""Plan crawl-space access and evidence""}, {""topic_id"": ""crawl_access"", ""title"": ""Plan crawl-space access and evidence""}, {""topic_id"": ""crawl_access"", ""title"": ""Plan crawl-space access and evidence""}, {""topic_id"": ""crawl_moisture"", ""title"": ""Identify the crawl-space moisture system""}, {""topic_id"": ""crawl_moisture"", ""title"": ""Identify the crawl-space moisture system""}, {""topic_id"": ""crawl_moisture"", ""title"": ""Identify the crawl-space moisture system""}, {""topic_id"": ""crawl_moisture"", ""title"": ""Identify the crawl-space moisture system""}, {""topic_id"": ""crawl_moisture"", ""title"": ""Identify the crawl-space moisture system""}, {""topic_id"": ""crawl_moisture"", ""title"": ""Identify the crawl-space moisture system""}, {""topic_id"": ""crawl_moisture"", ""title"": ""Identify the crawl-space moisture system""}, {""topic_id"": ""crawl_moisture"", ""title"": ""Identify the crawl-space moisture system""}, {""topic_id"": ""crawl_moisture"", ""title"": ""Identify the crawl-space moisture system""}, {""topic_id"": ""crawl_openings"", ""title"": ""Keep air vents and flood openings separate""}, {""topic_id"": ""crawl_openings"", ""title"": ""Keep air vents and flood openings separate""}, {""topic_id"": ""slab_evidence"", ""title"": ""Read slab condition in its construction context""}, {""topic_id"": ""slab_evidence"", ""title"": ""Read slab condition in its construction context""}, {""topic_id"": ""slab_evidence"", ""title"": ""Read slab condition in its construction context""}, {""topic_id"": ""slab_evidence"", ""title"": ""Read slab condition in its construction context""}, {""topic_id"": ""slab_evidence"", ""title"": ""Read slab condition in its construction context""}, {""topic_id"": ""slab_evidence"", ""title"": ""Read slab condition in its construction context""}, {""topic_id"": ""slab_evidence"", ""title"": ""Read slab condition in its construction context""}, {""topic_id"": ""slab_evidence"", ""title"": ""Read slab condition in its construction context""}, {""topic_id"": ""slab_evidence"", ""title"": ""Read slab condition in its construction context""}, {""topic_id"": ""slab_evidence"", ""title"": ""Read slab condition in its construction context""}, {""topic_id"": ""post_tension"", ""title"": ""Recognize what the finished slab conceals""}, {""topic_id"": ""post_tension"", ""title"": ""Recognize what the finished slab conceals""}, {""topic_id"": ""post_tension"", ""title"": ""Recognize what the finished slab conceals""}, {""topic_id"": ""post_tension"", ""title"": ""Recognize what the finished slab conceals""}, {""topic_id"": ""post_tension"", ""title"": ""Recognize what the finished slab conceals""}, {""topic_id"": ""reporting"", ""title"": ""Make the report useful to the client""}, {""topic_id"": ""reporting"", ""title"": ""Make the report useful to the client""}]"
R2e3a694d32ed,"[""S06""]",original,2026-09-14,"Wall systems, masonry, and alternative construction","Wall systems, masonry, and alternative construction",2089.0,432264788,2e3a694d32ede4be93d0f9a4fbe26ca77196a382b579f9cf60501f9624540d4d,Home Inspection\2026-09-14 - S06 - Wall systems masonry and alternative construction - R2e3a694d32ed.mp4,F:\SEED BANK\RECORDINGS\Home Inspection\2026-09-14 - S06 - Wall systems masonry and alternative construction - R2e3a694d32ed.mp4,incorporated in SG-009; carried forward to SG-010,archived and verified,"[""Recording 2026-09-14 190639.mp4""]","[{""title"": ""Home Inspection Study Guide family"", ""path"": ""C:\\Users\\benja\\Dropbox\\THE PERFORMANCE TEAM\\Home Inspection Training\\CURRENT EDITION"", ""relationship"": ""incorporated in SG-009; carried forward to SG-010""}, {""title"": ""Published SG-009 source register"", ""path"": ""C:\\Users\\benja\\Dropbox\\THE PERFORMANCE TEAM\\Home Inspection Training\\Study Guide Editions\\SG-009\\intake-sources.json"", ""relationship"": ""historical source attribution""}]","[{""topic_id"": ""wall_systems"", ""title"": ""Identify the wall and its load path""}, {""topic_id"": ""wall_systems"", ""title"": ""Identify the wall and its load path""}, {""topic_id"": ""wall_systems"", ""title"": ""Identify the wall and its load path""}, {""topic_id"": ""wall_systems"", ""title"": ""Identify the wall and its load path""}, {""topic_id"": ""wall_systems"", ""title"": ""Identify the wall and its load path""}, {""topic_id"": ""stud_cuts"", ""title"": ""Keep stud cuts separate from joist cuts""}, {""topic_id"": ""special_walls"", ""title"": ""Recognize a different wall system""}, {""topic_id"": ""special_walls"", ""title"": ""Recognize a different wall system""}, {""topic_id"": ""special_walls"", ""title"": ""Recognize a different wall system""}, {""topic_id"": ""special_walls"", ""title"": ""Recognize a different wall system""}, {""topic_id"": ""special_walls"", ""title"": ""Recognize a different wall system""}, {""topic_id"": ""special_walls"", ""title"": ""Recognize a different wall system""}, {""topic_id"": ""masonry_systems"", ""title"": ""Separate veneer from structural masonry""}, {""topic_id"": ""masonry_systems"", ""title"": ""Separate veneer from structural masonry""}, {""topic_id"": ""masonry_systems"", ""title"": ""Separate veneer from structural masonry""}, {""topic_id"": ""masonry_systems"", ""title"": ""Separate veneer from structural masonry""}, {""topic_id"": ""masonry_systems"", ""title"": ""Separate veneer from structural masonry""}, {""topic_id"": ""masonry_distress"", ""title"": ""Describe masonry movement without guessing""}, {""topic_id"": ""masonry_distress"", ""title"": ""Describe masonry movement without guessing""}, {""topic_id"": ""masonry_distress"", ""title"": ""Describe masonry movement without guessing""}, {""topic_id"": ""masonry_distress"", ""title"": ""Describe masonry movement without guessing""}]"
R42dddc0ed57a,"[""S07""]",original,2026-09-14,Floor-framing review and Unit 5 exam,Floor-framing review and Unit 5 exam,533.866646,68620344,42dddc0ed57a9db03c3e8f5152776b3f0eea4aa02107d6c180d38814b2e1c621,Home Inspection\2026-09-14 - S07 - Floor-framing review and Unit 5 exam - R42dddc0ed57a.mp4,F:\SEED BANK\RECORDINGS\Home Inspection\2026-09-14 - S07 - Floor-framing review and Unit 5 exam - R42dddc0ed57a.mp4,incorporated in SG-009; carried forward to SG-010,archived and verified,"[""Recording 2026-09-14 194327.mp4""]","[{""title"": ""Home Inspection Study Guide family"", ""path"": ""C:\\Users\\benja\\Dropbox\\THE PERFORMANCE TEAM\\Home Inspection Training\\CURRENT EDITION"", ""relationship"": ""incorporated in SG-009; carried forward to SG-010""}, {""title"": ""Published SG-009 source register"", ""path"": ""C:\\Users\\benja\\Dropbox\\THE PERFORMANCE TEAM\\Home Inspection Training\\Study Guide Editions\\SG-009\\intake-sources.json"", ""relationship"": ""historical source attribution""}]","[{""topic_id"": ""stud_cuts"", ""title"": ""Keep stud cuts separate from joist cuts""}, {""topic_id"": ""masonry_distress"", ""title"": ""Describe masonry movement without guessing""}, {""topic_id"": ""floor_terms"", ""title"": ""Use distinct terms for floor movement""}, {""topic_id"": ""floor_terms"", ""title"": ""Use distinct terms for floor movement""}, {""topic_id"": ""floor_terms"", ""title"": ""Use distinct terms for floor movement""}, {""topic_id"": ""floor_terms"", ""title"": ""Use distinct terms for floor movement""}, {""topic_id"": ""floor_terms"", ""title"": ""Use distinct terms for floor movement""}, {""topic_id"": ""floor_terms"", ""title"": ""Use distinct terms for floor movement""}, {""topic_id"": ""floor_layers"", ""title"": ""Read the floor as a layered assembly""}, {""topic_id"": ""floor_layers"", ""title"": ""Read the floor as a layered assembly""}, {""topic_id"": ""floor_layers"", ""title"": ""Read the floor as a layered assembly""}, {""topic_id"": ""cantilevers_openings"", ""title"": ""Trace concentrated loads and openings""}, {""topic_id"": ""cantilevers_openings"", ""title"": ""Trace concentrated loads and openings""}, {""topic_id"": ""cantilevers_openings"", ""title"": ""Trace concentrated loads and openings""}, {""topic_id"": ""cantilevers_openings"", ""title"": ""Trace concentrated loads and openings""}, {""topic_id"": ""cantilevers_openings"", ""title"": ""Trace concentrated loads and openings""}, {""topic_id"": ""roof_ties"", ""title"": ""Name roof ties by their function""}, {""topic_id"": ""roof_trusses"", ""title"": ""Treat a truss as one designed assembly""}, {""topic_id"": ""roof_trusses"", ""title"": ""Treat a truss as one designed assembly""}]"
Rb36b98f2c9f5,"[""S08""]",original,2026-09-14,"Roof framing, attics, manufactured-home structure, and Unit 6 exam","Roof framing, attics, manufactured-home structure, and Unit 6 exam",3461.4,973109009,b36b98f2c9f5448030f3fcfec85681729fa2d23ea4588c853bd7542c962347d3,Home Inspection\2026-09-14 - S08 - Roof framing attics manufactured-home structure and Unit 6 exam - Rb36b98f2c9f5.mp4,F:\SEED BANK\RECORDINGS\Home Inspection\2026-09-14 - S08 - Roof framing attics manufactured-home structure and Unit 6 exam - Rb36b98f2c9f5.mp4,incorporated in SG-009; carried forward to SG-010,archived and verified,"[""Recording 2026-09-14 205324.mp4""]","[{""title"": ""Home Inspection Study Guide family"", ""path"": ""C:\\Users\\benja\\Dropbox\\THE PERFORMANCE TEAM\\Home Inspection Training\\CURRENT EDITION"", ""relationship"": ""incorporated in SG-009; carried forward to SG-010""}, {""title"": ""Published SG-009 source register"", ""path"": ""C:\\Users\\benja\\Dropbox\\THE PERFORMANCE TEAM\\Home Inspection Training\\Study Guide Editions\\SG-009\\intake-sources.json"", ""relationship"": ""historical source attribution""}]","[{""topic_id"": ""roof_frame"", ""title"": ""Inspect the roof from both sides""}, {""topic_id"": ""roof_frame"", ""title"": ""Inspect the roof from both sides""}, {""topic_id"": ""roof_frame"", ""title"": ""Inspect the roof from both sides""}, {""topic_id"": ""roof_frame"", ""title"": ""Inspect the roof from both sides""}, {""topic_id"": ""roof_frame"", ""title"": ""Inspect the roof from both sides""}, {""topic_id"": ""roof_frame"", ""title"": ""Inspect the roof from both sides""}, {""topic_id"": ""roof_ties"", ""title"": ""Name roof ties by their function""}, {""topic_id"": ""roof_ties"", ""title"": ""Name roof ties by their function""}, {""topic_id"": ""roof_trusses"", ""title"": ""Treat a truss as one designed assembly""}, {""topic_id"": ""roof_trusses"", ""title"": ""Treat a truss as one designed assembly""}, {""topic_id"": ""roof_trusses"", ""title"": ""Treat a truss as one designed assembly""}, {""topic_id"": ""roof_deck"", ""title"": ""Follow roof-deck condition to its evidence""}, {""topic_id"": ""roof_deck"", ""title"": ""Follow roof-deck condition to its evidence""}, {""topic_id"": ""roof_deck"", ""title"": ""Follow roof-deck condition to its evidence""}, {""topic_id"": ""roof_deck"", ""title"": ""Follow roof-deck condition to its evidence""}, {""topic_id"": ""roof_deck"", ""title"": ""Follow roof-deck condition to its evidence""}, {""topic_id"": ""attic_environment"", ""title"": ""Identify the attic boundary before judging it""}, {""topic_id"": ""attic_environment"", ""title"": ""Identify the attic boundary before judging it""}, {""topic_id"": ""attic_environment"", ""title"": ""Identify the attic boundary before judging it""}, {""topic_id"": ""attic_environment"", ""title"": ""Identify the attic boundary before judging it""}, {""topic_id"": ""attic_environment"", ""title"": ""Identify the attic boundary before judging it""}, {""topic_id"": ""attic_environment"", ""title"": ""Identify the attic boundary before judging it""}, {""topic_id"": ""manufactured_structure"", ""title"": ""Follow the manufactured-home installation""}, {""topic_id"": ""manufactured_structure"", ""title"": ""Follow the manufactured-home installation""}, {""topic_id"": ""manufactured_structure"", ""title"": ""Follow the manufactured-home installation""}]"
Re3f644018458,"[""S09""]",original,2026-09-14,Exterior inspection overview and two Unit 1 exam attempts,Exterior inspection overview and two Unit 1 exam attempts,436.9333,66582368,e3f6440184584d97b482cf359fa9f43d7fe968b66cdf5918b068fcd8a21542ee,Home Inspection\2026-09-14 - S09 - Exterior inspection overview and two Unit 1 exam attempts - Re3f644018458.mp4,F:\SEED BANK\RECORDINGS\Home Inspection\2026-09-14 - S09 - Exterior inspection overview and two Unit 1 exam attempts - Re3f644018458.mp4,incorporated in SG-009; carried forward to SG-010,archived and verified,"[""Recording 2026-09-14 210337.mp4""]","[{""title"": ""Home Inspection Study Guide family"", ""path"": ""C:\\Users\\benja\\Dropbox\\THE PERFORMANCE TEAM\\Home Inspection Training\\CURRENT EDITION"", ""relationship"": ""incorporated in SG-009; carried forward to SG-010""}, {""title"": ""Published SG-009 source register"", ""path"": ""C:\\Users\\benja\\Dropbox\\THE PERFORMANCE TEAM\\Home Inspection Training\\Study Guide Editions\\SG-009\\intake-sources.json"", ""relationship"": ""historical source attribution""}]","[{""topic_id"": ""exterior_scope"", ""title"": ""Define the exterior inspection by its purpose""}, {""topic_id"": ""exterior_scope"", ""title"": ""Define the exterior inspection by its purpose""}, {""topic_id"": ""exterior_scope"", ""title"": ""Define the exterior inspection by its purpose""}, {""topic_id"": ""exterior_scope"", ""title"": ""Define the exterior inspection by its purpose""}, {""topic_id"": ""exterior_scope"", ""title"": ""Define the exterior inspection by its purpose""}, {""topic_id"": ""exterior_scope"", ""title"": ""Define the exterior inspection by its purpose""}, {""topic_id"": ""exterior_scope"", ""title"": ""Define the exterior inspection by its purpose""}, {""topic_id"": ""exterior_scope"", ""title"": ""Define the exterior inspection by its purpose""}, {""topic_id"": ""exterior_scope"", ""title"": ""Define the exterior inspection by its purpose""}, {""topic_id"": ""exterior_scope"", ""title"": ""Define the exterior inspection by its purpose""}, {""topic_id"": ""exterior_site"", ""title"": ""Connect the site to the building""}, {""topic_id"": ""exterior_site"", ""title"": ""Connect the site to the building""}, {""topic_id"": ""exterior_site"", ""title"": ""Connect the site to the building""}, {""topic_id"": ""exterior_site"", ""title"": ""Connect the site to the building""}, {""topic_id"": ""exterior_site"", ""title"": ""Connect the site to the building""}, {""topic_id"": ""exterior_site"", ""title"": ""Connect the site to the building""}]"
R8d95fc5ae894,"[""S10""]",original,2026-09-14,"Siding materials, stucco, EIFS and masonry","Siding materials, stucco, EIFS and masonry",4135.3,1030220396,8d95fc5ae89425bca0fbe7c3368ca260bfab180cbd52cd769ddcd27869aec5d9,Home Inspection\2026-09-14 - S10 - Siding materials stucco EIFS and masonry - R8d95fc5ae894.mp4,F:\SEED BANK\RECORDINGS\Home Inspection\2026-09-14 - S10 - Siding materials stucco EIFS and masonry - R8d95fc5ae894.mp4,incorporated in SG-009; carried forward to SG-010,archived and verified,"[""Recording 2026-09-14 221540.mp4""]","[{""title"": ""Home Inspection Study Guide family"", ""path"": ""C:\\Users\\benja\\Dropbox\\THE PERFORMANCE TEAM\\Home Inspection Training\\CURRENT EDITION"", ""relationship"": ""incorporated in SG-009; carried forward to SG-010""}, {""title"": ""Published SG-009 source register"", ""path"": ""C:\\Users\\benja\\Dropbox\\THE PERFORMANCE TEAM\\Home Inspection Training\\Study Guide Editions\\SG-009\\intake-sources.json"", ""relationship"": ""historical source attribution""}]","[{""topic_id"": ""siding_assembly"", ""title"": ""Read siding as part of a wall""}, {""topic_id"": ""siding_assembly"", ""title"": ""Read siding as part of a wall""}, {""topic_id"": ""siding_assembly"", ""title"": ""Read siding as part of a wall""}, {""topic_id"": ""siding_assembly"", ""title"": ""Read siding as part of a wall""}, {""topic_id"": ""siding_assembly"", ""title"": ""Read siding as part of a wall""}, {""topic_id"": ""siding_assembly"", ""title"": ""Read siding as part of a wall""}, {""topic_id"": ""siding_assembly"", ""title"": ""Read siding as part of a wall""}, {""topic_id"": ""siding_assembly"", ""title"": ""Read siding as part of a wall""}, {""topic_id"": ""siding_wood"", ""title"": ""Read wood shape, joints and fasteners""}, {""topic_id"": ""siding_wood"", ""title"": ""Read wood shape, joints and fasteners""}, {""topic_id"": ""siding_wood"", ""title"": ""Read wood shape, joints and fasteners""}, {""topic_id"": ""siding_wood"", ""title"": ""Read wood shape, joints and fasteners""}, {""topic_id"": ""siding_wood"", ""title"": ""Read wood shape, joints and fasteners""}, {""topic_id"": ""siding_wood"", ""title"": ""Read wood shape, joints and fasteners""}, {""topic_id"": ""siding_wood"", ""title"": ""Read wood shape, joints and fasteners""}, {""topic_id"": ""siding_wood"", ""title"": ""Read wood shape, joints and fasteners""}, {""topic_id"": ""siding_panels_shingles"", ""title"": ""Separate panels, shingles and shakes""}, {""topic_id"": ""siding_panels_shingles"", ""title"": ""Separate panels, shingles and shakes""}, {""topic_id"": ""siding_panels_shingles"", ""title"": ""Separate panels, shingles and shakes""}, {""topic_id"": ""siding_panels_shingles"", ""title"": ""Separate panels, shingles and shakes""}, {""topic_id"": ""siding_panels_shingles"", ""title"": ""Separate panels, shingles and shakes""}, {""topic_id"": ""siding_panels_shingles"", ""title"": ""Separate panels, shingles and shakes""}, {""topic_id"": ""siding_panels_shingles"", ""title"": ""Separate panels, shingles and shakes""}, {""topic_id"": ""siding_panels_shingles"", ""title"": ""Separate panels, shingles and shakes""}, {""topic_id"": ""siding_panels_shingles"", ""title"": ""Separate panels, shingles and shakes""}, {""topic_id"": ""siding_panels_shingles"", ""title"": ""Separate panels, shingles and shakes""}, {""topic_id"": ""siding_panels_shingles"", ""title"": ""Separate panels, shingles and shakes""}, {""topic_id"": ""siding_panels_shingles"", ""title"": ""Separate panels, shingles and shakes""}, {""topic_id"": ""siding_panels_shingles"", ""title"": ""Separate panels, shingles and shakes""}, {""topic_id"": ""siding_metal_vinyl"", ""title"": ""Distinguish impact, movement and attachment""}, {""topic_id"": ""siding_metal_vinyl"", ""title"": ""Distinguish impact, movement and attachment""}, {""topic_id"": ""siding_metal_vinyl"", ""title"": ""Distinguish impact, movement and attachment""}, {""topic_id"": ""siding_metal_vinyl"", ""title"": ""Distinguish impact, movement and attachment""}, {""topic_id"": ""siding_metal_vinyl"", ""title"": ""Distinguish impact, movement and attachment""}, {""topic_id"": ""siding_metal_vinyl"", ""title"": ""Distinguish impact, movement and attachment""}, {""topic_id"": ""siding_metal_vinyl"", ""title"": ""Distinguish impact, movement and attachment""}, {""topic_id"": ""siding_metal_vinyl"", ""title"": ""Distinguish impact, movement and attachment""}, {""topic_id"": ""siding_metal_vinyl"", ""title"": ""Distinguish impact, movement and attachment""}, {""topic_id"": ""siding_metal_vinyl"", ""title"": ""Distinguish impact, movement and attachment""}, {""topic_id"": ""siding_metal_vinyl"", ""title"": ""Distinguish impact, movement and attachment""}, {""topic_id"": ""siding_older_materials"", ""title"": ""Identify older and newer facing materials""}, {""topic_id"": ""siding_older_materials"", ""title"": ""Identify older and newer facing materials""}, {""topic_id"": ""siding_older_materials"", ""title"": ""Identify older and newer facing materials""}, {""topic_id"": ""siding_older_materials"", ""title"": ""Identify older and newer facing materials""}, {""topic_id"": ""siding_older_materials"", ""title"": ""Identify older and newer facing materials""}, {""topic_id"": ""siding_older_materials"", ""title"": ""Identify older and newer facing materials""}, {""topic_id"": ""siding_older_materials"", ""title"": ""Identify older and newer facing materials""}, {""topic_id"": ""siding_stucco"", ""title"": ""Read stucco layers and the drainage edge""}, {""topic_id"": ""siding_stucco"", ""title"": ""Read stucco layers and the drainage edge""}, {""topic_id"": ""siding_stucco"", ""title"": ""Read stucco layers and the drainage edge""}, {""topic_id"": ""siding_stucco"", ""title"": ""Read stucco layers and the drainage edge""}, {""topic_id"": ""siding_stucco"", ""title"": ""Read stucco layers and the drainage edge""}, {""topic_id"": ""siding_stucco"", ""title"": ""Read stucco layers and the drainage edge""}, {""topic_id"": ""siding_stucco"", ""title"": ""Read stucco layers and the drainage edge""}, {""topic_id"": ""siding_stucco"", ""title"": ""Read stucco layers and the drainage edge""}, {""topic_id"": ""siding_eifs"", ""title"": ""Identify EIFS by its assembly""}, {""topic_id"": ""siding_eifs"", ""title"": ""Identify EIFS by its assembly""}, {""topic_id"": ""siding_eifs"", ""title"": ""Identify EIFS by its assembly""}, {""topic_id"": ""siding_eifs"", ""title"": ""Identify EIFS by its assembly""}, {""topic_id"": ""siding_masonry_checks"", ""title"": ""Compare masonry clues at openings and joints""}, {""topic_id"": ""siding_masonry_checks"", ""title"": ""Compare masonry clues at openings and joints""}, {""topic_id"": ""siding_masonry_checks"", ""title"": ""Compare masonry clues at openings and joints""}, {""topic_id"": ""siding_masonry_checks"", ""title"": ""Compare masonry clues at openings and joints""}, {""topic_id"": ""siding_masonry_checks"", ""title"": ""Compare masonry clues at openings and joints""}, {""topic_id"": ""siding_masonry_checks"", ""title"": ""Compare masonry clues at openings and joints""}, {""topic_id"": ""siding_masonry_checks"", ""title"": ""Compare masonry clues at openings and joints""}, {""topic_id"": ""siding_masonry_checks"", ""title"": ""Compare masonry clues at openings and joints""}, {""topic_id"": ""siding_masonry_checks"", ""title"": ""Compare masonry clues at openings and joints""}, {""topic_id"": ""siding_masonry_checks"", ""title"": ""Compare masonry clues at openings and joints""}, {""topic_id"": ""siding_masonry_checks"", ""title"": ""Compare masonry clues at openings and joints""}, {""topic_id"": ""siding_masonry_checks"", ""title"": ""Compare masonry clues at openings and joints""}]"
R5f428da418dd,"[""S11""]",original,2026-09-14,"Veneer details, paint, reporting and two Unit 2 exam attempts","Veneer details, paint, reporting and two Unit 2 exam attempts",4217.766633,746194906,5f428da418ddcd022a11a83eccf82530697b4b56f3d691fb19b12a78caedcc8e,Home Inspection\2026-09-14 - S11 - Veneer details paint reporting and two Unit 2 exam attempts - R5f428da418dd.mp4,F:\SEED BANK\RECORDINGS\Home Inspection\2026-09-14 - S11 - Veneer details paint reporting and two Unit 2 exam attempts - R5f428da418dd.mp4,incorporated in SG-009; carried forward to SG-010,archived and verified,"[""Recording 2026-09-14 233543.mp4"", ""Recording 2026-09-14 234051.mp4""]","[{""title"": ""Home Inspection Study Guide family"", ""path"": ""C:\\Users\\benja\\Dropbox\\THE PERFORMANCE TEAM\\Home Inspection Training\\CURRENT EDITION"", ""relationship"": ""incorporated in SG-009; carried forward to SG-010""}, {""title"": ""Published SG-009 source register"", ""path"": ""C:\\Users\\benja\\Dropbox\\THE PERFORMANCE TEAM\\Home Inspection Training\\Study Guide Editions\\SG-009\\intake-sources.json"", ""relationship"": ""historical source attribution""}]","[{""topic_id"": ""siding_older_materials"", ""title"": ""Identify older and newer facing materials""}, {""topic_id"": ""siding_masonry_checks"", ""title"": ""Compare masonry clues at openings and joints""}, {""topic_id"": ""siding_masonry_checks"", ""title"": ""Compare masonry clues at openings and joints""}, {""topic_id"": ""siding_veneer_details"", ""title"": ""Trace the veneer support and water exit""}, {""topic_id"": ""siding_veneer_details"", ""title"": ""Trace the veneer support and water exit""}, {""topic_id"": ""siding_veneer_details"", ""title"": ""Trace the veneer support and water exit""}, {""topic_id"": ""siding_veneer_details"", ""title"": ""Trace the veneer support and water exit""}, {""topic_id"": ""siding_veneer_details"", ""title"": ""Trace the veneer support and water exit""}, {""topic_id"": ""siding_veneer_details"", ""title"": ""Trace the veneer support and water exit""}, {""topic_id"": ""siding_veneer_details"", ""title"": ""Trace the veneer support and water exit""}, {""topic_id"": ""siding_kickout_path"", ""title"": ""Follow step flashing into a kick-out""}, {""topic_id"": ""siding_kickout_path"", ""title"": ""Follow step flashing into a kick-out""}, {""topic_id"": ""siding_kickout_path"", ""title"": ""Follow step flashing into a kick-out""}, {""topic_id"": ""siding_kickout_path"", ""title"": ""Follow step flashing into a kick-out""}, {""topic_id"": ""siding_kickout_path"", ""title"": ""Follow step flashing into a kick-out""}, {""topic_id"": ""siding_coatings"", ""title"": ""Name the coating failure before its cause""}, {""topic_id"": ""siding_coatings"", ""title"": ""Name the coating failure before its cause""}, {""topic_id"": ""siding_coatings"", ""title"": ""Name the coating failure before its cause""}, {""topic_id"": ""siding_coatings"", ""title"": ""Name the coating failure before its cause""}, {""topic_id"": ""siding_coatings"", ""title"": ""Name the coating failure before its cause""}, {""topic_id"": ""siding_coatings"", ""title"": ""Name the coating failure before its cause""}, {""topic_id"": ""siding_coatings"", ""title"": ""Name the coating failure before its cause""}, {""topic_id"": ""siding_coatings"", ""title"": ""Name the coating failure before its cause""}, {""topic_id"": ""siding_coatings"", ""title"": ""Name the coating failure before its cause""}, {""topic_id"": ""siding_report"", ""title"": ""Turn the wall circuit into a useful report""}, {""topic_id"": ""siding_report"", ""title"": ""Turn the wall circuit into a useful report""}, {""topic_id"": ""siding_report"", ""title"": ""Turn the wall circuit into a useful report""}, {""topic_id"": ""siding_report"", ""title"": ""Turn the wall circuit into a useful report""}, {""topic_id"": ""siding_report"", ""title"": ""Turn the wall circuit into a useful report""}, {""topic_id"": ""siding_report"", ""title"": ""Turn the wall circuit into a useful report""}, {""topic_id"": ""siding_report"", ""title"": ""Turn the wall circuit into a useful report""}, {""topic_id"": ""siding_report"", ""title"": ""Turn the wall circuit into a useful report""}, {""topic_id"": ""siding_report"", ""title"": ""Turn the wall circuit into a useful report""}, {""topic_id"": ""siding_report"", ""title"": ""Turn the wall circuit into a useful report""}]"
R9f85365ef2e0,"[""S12""]",original,2026-09-14,Second-attempt correction review and Unit 3 welcome,Second-attempt correction review and Unit 3 welcome,52.266646,9966774,9f85365ef2e0fd13603d2addff07c5269616f578583547ce96757f7c45d2ca84,Home Inspection\2026-09-14 - S12 - Second-attempt correction review and Unit 3 welcome - R9f85365ef2e0.mp4,F:\SEED BANK\RECORDINGS\Home Inspection\2026-09-14 - S12 - Second-attempt correction review and Unit 3 welcome - R9f85365ef2e0.mp4,incorporated in SG-009; carried forward to SG-010,archived and verified,"[""Recording 2026-09-14 234225.mp4""]","[{""title"": ""Home Inspection Study Guide family"", ""path"": ""C:\\Users\\benja\\Dropbox\\THE PERFORMANCE TEAM\\Home Inspection Training\\CURRENT EDITION"", ""relationship"": ""incorporated in SG-009; carried forward to SG-010""}, {""title"": ""Published SG-009 source register"", ""path"": ""C:\\Users\\benja\\Dropbox\\THE PERFORMANCE TEAM\\Home Inspection Training\\Study Guide Editions\\SG-009\\intake-sources.json"", ""relationship"": ""historical source attribution""}]",[]
R98bb3a8dee37,"[""S13""]",original,2026-09-16,"Exterior Unit 3: trim, windows, doors and two exam attempts","Exterior Unit 3: trim, windows, doors and two exam attempts",3899.242646,1822046579,98bb3a8dee3715de368a5423121b2bccdb76fa6f4846de408dbf8d3c4d307df8,Home Inspection\2026-09-16 - S13 - Exterior Unit 3 trim windows doors and two exam attempts - R98bb3a8dee37.mp4,F:\SEED BANK\RECORDINGS\Home Inspection\2026-09-16 - S13 - Exterior Unit 3 trim windows doors and two exam attempts - R98bb3a8dee37.mp4,incorporated in SG-009; carried forward to SG-010,archived and verified,"[""Recording 2026-09-16 091853.mp4""]","[{""title"": ""Home Inspection Study Guide family"", ""path"": ""C:\\Users\\benja\\Dropbox\\THE PERFORMANCE TEAM\\Home Inspection Training\\CURRENT EDITION"", ""relationship"": ""incorporated in SG-009; carried forward to SG-010""}, {""title"": ""Published SG-009 source register"", ""path"": ""C:\\Users\\benja\\Dropbox\\THE PERFORMANCE TEAM\\Home Inspection Training\\Study Guide Editions\\SG-009\\intake-sources.json"", ""relationship"": ""historical source attribution""}]","[{""topic_id"": ""trim_parts"", ""title"": ""Name the trim before describing its condition""}, {""topic_id"": ""trim_parts"", ""title"": ""Name the trim before describing its condition""}, {""topic_id"": ""trim_parts"", ""title"": ""Name the trim before describing its condition""}, {""topic_id"": ""trim_condition"", ""title"": ""Distinguish trim maintenance from possible concealed damage""}, {""topic_id"": ""trim_condition"", ""title"": ""Distinguish trim maintenance from possible concealed damage""}, {""topic_id"": ""trim_condition"", ""title"": ""Distinguish trim maintenance from possible concealed damage""}, {""topic_id"": ""trim_condition"", ""title"": ""Distinguish trim maintenance from possible concealed damage""}, {""topic_id"": ""trim_condition"", ""title"": ""Distinguish trim maintenance from possible concealed damage""}, {""topic_id"": ""trim_condition"", ""title"": ""Distinguish trim maintenance from possible concealed damage""}, {""topic_id"": ""trim_condition"", ""title"": ""Distinguish trim maintenance from possible concealed damage""}, {""topic_id"": ""trim_video_clues"", ""title"": ""Read trim details without claiming concealed conditions""}, {""topic_id"": ""trim_video_clues"", ""title"": ""Read trim details without claiming concealed conditions""}, {""topic_id"": ""trim_video_clues"", ""title"": ""Read trim details without claiming concealed conditions""}, {""topic_id"": ""trim_video_clues"", ""title"": ""Read trim details without claiming concealed conditions""}, {""topic_id"": ""trim_video_clues"", ""title"": ""Read trim details without claiming concealed conditions""}, {""topic_id"": ""window_parts"", ""title"": ""Separate the window frame, sash and glazing""}, {""topic_id"": ""window_parts"", ""title"": ""Separate the window frame, sash and glazing""}, {""topic_id"": ""window_parts"", ""title"": ""Separate the window frame, sash and glazing""}, {""topic_id"": ""window_parts"", ""title"": ""Separate the window frame, sash and glazing""}, {""topic_id"": ""window_glazing"", ""title"": ""Describe the glazing defect and its limits""}, {""topic_id"": ""window_glazing"", ""title"": ""Describe the glazing defect and its limits""}, {""topic_id"": ""window_glazing"", ""title"": ""Describe the glazing defect and its limits""}, {""topic_id"": ""window_glazing"", ""title"": ""Describe the glazing defect and its limits""}, {""topic_id"": ""window_glazing"", ""title"": ""Describe the glazing defect and its limits""}, {""topic_id"": ""window_operation_detail"", ""title"": ""Match the operating check to the window type""}, {""topic_id"": ""window_operation_detail"", ""title"": ""Match the operating check to the window type""}, {""topic_id"": ""window_operation_detail"", ""title"": ""Match the operating check to the window type""}, {""topic_id"": ""window_operation_detail"", ""title"": ""Match the operating check to the window type""}, {""topic_id"": ""window_energy"", ""title"": ""Read the window label with the correct definitions""}, {""topic_id"": ""window_energy"", ""title"": ""Read the window label with the correct definitions""}, {""topic_id"": ""window_energy"", ""title"": ""Read the window label with the correct definitions""}, {""topic_id"": ""window_energy"", ""title"": ""Read the window label with the correct definitions""}, {""topic_id"": ""window_waterpath"", ""title"": ""Trace the opening support and water path""}, {""topic_id"": ""window_waterpath"", ""title"": ""Trace the opening support and water path""}, {""topic_id"": ""window_waterpath"", ""title"": ""Trace the opening support and water path""}, {""topic_id"": ""door_operation"", ""title"": ""Inspect each exterior door and explain the operating defect""}, {""topic_id"": ""door_operation"", ""title"": ""Inspect each exterior door and explain the operating defect""}, {""topic_id"": ""door_operation"", ""title"": ""Inspect each exterior door and explain the operating defect""}, {""topic_id"": ""door_operation"", ""title"": ""Inspect each exterior door and explain the operating defect""}, {""topic_id"": ""door_operation"", ""title"": ""Inspect each exterior door and explain the operating defect""}, {""topic_id"": ""door_operation"", ""title"": ""Inspect each exterior door and explain the operating defect""}, {""topic_id"": ""openings_report"", ""title"": ""Make the trim, window and door report specific""}, {""topic_id"": ""openings_report"", ""title"": ""Make the trim, window and door report specific""}]"
R5718196d8018,"[""S14""]",original,2026-09-16,"Exterior Unit 4: platforms, stairs, site and retaining walls; 21-question exam","Exterior Unit 4: platforms, stairs, site and retaining walls; 21-question exam",6794.730646,3186730050,5718196d8018470f98e26d7ac2eef044905b4ee30cf1c097b1712284a17dcb73,Home Inspection\2026-09-16 - S14 - Exterior Unit 4 platforms stairs site and retaining walls 21-question exam - R5718196d8018.mp4,F:\SEED BANK\RECORDINGS\Home Inspection\2026-09-16 - S14 - Exterior Unit 4 platforms stairs site and retaining walls 21-question exam - R5718196d8018.mp4,incorporated in SG-009; carried forward to SG-010,archived and verified,"[""Recording 2026-09-16 111318.mp4""]","[{""title"": ""Home Inspection Study Guide family"", ""path"": ""C:\\Users\\benja\\Dropbox\\THE PERFORMANCE TEAM\\Home Inspection Training\\CURRENT EDITION"", ""relationship"": ""incorporated in SG-009; carried forward to SG-010""}, {""title"": ""Published SG-009 source register"", ""path"": ""C:\\Users\\benja\\Dropbox\\THE PERFORMANCE TEAM\\Home Inspection Training\\Study Guide Editions\\SG-009\\intake-sources.json"", ""relationship"": ""historical source attribution""}]","[{""topic_id"": ""door_operation"", ""title"": ""Inspect each exterior door and explain the operating defect""}, {""topic_id"": ""door_operation"", ""title"": ""Inspect each exterior door and explain the operating defect""}, {""topic_id"": ""steps_stoops"", ""title"": ""Inspect steps, landings and stoops as one route""}, {""topic_id"": ""steps_stoops"", ""title"": ""Inspect steps, landings and stoops as one route""}, {""topic_id"": ""steps_stoops"", ""title"": ""Inspect steps, landings and stoops as one route""}, {""topic_id"": ""steps_stoops"", ""title"": ""Inspect steps, landings and stoops as one route""}, {""topic_id"": ""steps_stoops"", ""title"": ""Inspect steps, landings and stoops as one route""}, {""topic_id"": ""steps_stoops"", ""title"": ""Inspect steps, landings and stoops as one route""}, {""topic_id"": ""steps_stoops"", ""title"": ""Inspect steps, landings and stoops as one route""}, {""topic_id"": ""rails_guards"", ""title"": ""Separate handrail graspability from fall protection""}, {""topic_id"": ""rails_guards"", ""title"": ""Separate handrail graspability from fall protection""}, {""topic_id"": ""rails_guards"", ""title"": ""Separate handrail graspability from fall protection""}, {""topic_id"": ""porch_supports"", ""title"": ""Follow porch loads and water from roof to supports""}, {""topic_id"": ""porch_supports"", ""title"": ""Follow porch loads and water from roof to supports""}, {""topic_id"": ""porch_supports"", ""title"": ""Follow porch loads and water from roof to supports""}, {""topic_id"": ""porch_supports"", ""title"": ""Follow porch loads and water from roof to supports""}, {""topic_id"": ""porch_supports"", ""title"": ""Follow porch loads and water from roof to supports""}, {""topic_id"": ""deck_condition"", ""title"": ""Inspect deck supports, boards and fastener condition""}, {""topic_id"": ""deck_condition"", ""title"": ""Inspect deck supports, boards and fastener condition""}, {""topic_id"": ""deck_condition"", ""title"": ""Inspect deck supports, boards and fastener condition""}, {""topic_id"": ""deck_condition"", ""title"": ""Inspect deck supports, boards and fastener condition""}, {""topic_id"": ""deck_condition"", ""title"": ""Inspect deck supports, boards and fastener condition""}, {""topic_id"": ""deck_condition"", ""title"": ""Inspect deck supports, boards and fastener condition""}, {""topic_id"": ""deck_connections"", ""title"": ""Follow the deck connection into the house""}, {""topic_id"": ""deck_connections"", ""title"": ""Follow the deck connection into the house""}, {""topic_id"": ""deck_connections"", ""title"": ""Follow the deck connection into the house""}, {""topic_id"": ""deck_connections"", ""title"": ""Follow the deck connection into the house""}, {""topic_id"": ""balcony_connections"", ""title"": ""Inspect the balcony support and wall intersection safely""}, {""topic_id"": ""balcony_connections"", ""title"": ""Inspect the balcony support and wall intersection safely""}, {""topic_id"": ""balcony_connections"", ""title"": ""Inspect the balcony support and wall intersection safely""}, {""topic_id"": ""walks_patios"", ""title"": ""Connect walking-surface defects to drainage and access""}, {""topic_id"": ""walks_patios"", ""title"": ""Connect walking-surface defects to drainage and access""}, {""topic_id"": ""walks_patios"", ""title"": ""Connect walking-surface defects to drainage and access""}, {""topic_id"": ""grading_vegetation"", ""title"": ""Trace surface water and vegetation effects around the house""}, {""topic_id"": ""grading_vegetation"", ""title"": ""Trace surface water and vegetation effects around the house""}, {""topic_id"": ""grading_vegetation"", ""title"": ""Trace surface water and vegetation effects around the house""}, {""topic_id"": ""grading_vegetation"", ""title"": ""Trace surface water and vegetation effects around the house""}, {""topic_id"": ""grading_vegetation"", ""title"": ""Trace surface water and vegetation effects around the house""}, {""topic_id"": ""grading_vegetation"", ""title"": ""Trace surface water and vegetation effects around the house""}, {""topic_id"": ""grading_vegetation"", ""title"": ""Trace surface water and vegetation effects around the house""}, {""topic_id"": ""grading_vegetation"", ""title"": ""Trace surface water and vegetation effects around the house""}, {""topic_id"": ""window_wells"", ""title"": ""Inspect window-well drainage and the exit path separately""}, {""topic_id"": ""window_wells"", ""title"": ""Inspect window-well drainage and the exit path separately""}, {""topic_id"": ""window_wells"", ""title"": ""Inspect window-well drainage and the exit path separately""}, {""topic_id"": ""retaining_wall_types"", ""title"": ""Identify the retaining wall and what is concealed""}, {""topic_id"": ""retaining_wall_types"", ""title"": ""Identify the retaining wall and what is concealed""}, {""topic_id"": ""retaining_wall_types"", ""title"": ""Identify the retaining wall and what is concealed""}, {""topic_id"": ""retaining_wall_types"", ""title"": ""Identify the retaining wall and what is concealed""}, {""topic_id"": ""retaining_wall_types"", ""title"": ""Identify the retaining wall and what is concealed""}, {""topic_id"": ""retaining_wall_types"", ""title"": ""Identify the retaining wall and what is concealed""}, {""topic_id"": ""retaining_wall_types"", ""title"": ""Identify the retaining wall and what is concealed""}, {""topic_id"": ""retaining_wall_drainage"", ""title"": ""Relate retaining-wall movement to drainage evidence""}, {""topic_id"": ""retaining_wall_drainage"", ""title"": ""Relate retaining-wall movement to drainage evidence""}, {""topic_id"": ""retaining_wall_drainage"", ""title"": ""Relate retaining-wall movement to drainage evidence""}, {""topic_id"": ""retaining_wall_drainage"", ""title"": ""Relate retaining-wall movement to drainage evidence""}, {""topic_id"": ""retaining_wall_drainage"", ""title"": ""Relate retaining-wall movement to drainage evidence""}, {""topic_id"": ""site_access_limits"", ""title"": ""Record access, drainage uncertainty and specialist boundaries""}, {""topic_id"": ""site_access_limits"", ""title"": ""Record access, drainage uncertainty and specialist boundaries""}, {""topic_id"": ""site_access_limits"", ""title"": ""Record access, drainage uncertainty and specialist boundaries""}, {""topic_id"": ""site_access_limits"", ""title"": ""Record access, drainage uncertainty and specialist boundaries""}, {""topic_id"": ""site_access_limits"", ""title"": ""Record access, drainage uncertainty and specialist boundaries""}, {""topic_id"": ""site_access_limits"", ""title"": ""Record access, drainage uncertainty and specialist boundaries""}, {""topic_id"": ""seasonal_and_pool_scope"", ""title"": ""Keep seasonal accessories and pool barriers in their scope""}, {""topic_id"": ""seasonal_and_pool_scope"", ""title"": ""Keep seasonal accessories and pool barriers in their scope""}, {""topic_id"": ""seasonal_and_pool_scope"", ""title"": ""Keep seasonal accessories and pool barriers in their scope""}, {""topic_id"": ""seasonal_and_pool_scope"", ""title"": ""Keep seasonal accessories and pool barriers in their scope""}, {""topic_id"": ""seasonal_and_pool_scope"", ""title"": ""Keep seasonal accessories and pool barriers in their scope""}, {""topic_id"": ""site_exterior_report"", ""title"": ""Carry exterior hazards into the component report and summary""}, {""topic_id"": ""site_exterior_report"", ""title"": ""Carry exterior hazards into the component report and summary""}, {""topic_id"": ""site_exterior_report"", ""title"": ""Carry exterior hazards into the component report and summary""}, {""topic_id"": ""site_exterior_report"", ""title"": ""Carry exterior hazards into the component report and summary""}, {""topic_id"": ""site_exterior_report"", ""title"": ""Carry exterior hazards into the component report and summary""}, {""topic_id"": ""site_exterior_report"", ""title"": ""Carry exterior hazards into the component report and summary""}, {""topic_id"": ""site_exterior_report"", ""title"": ""Carry exterior hazards into the component report and summary""}, {""topic_id"": ""site_exterior_report"", ""title"": ""Carry exterior hazards into the component report and summary""}, {""topic_id"": ""site_exterior_report"", ""title"": ""Carry exterior hazards into the component report and summary""}]"
R89771f996a65,"[""S15""]",original,2026-09-17,"Garage separation, appliances and vehicle doors","Garage separation, appliances and vehicle doors",4265.770646,1854153792,89771f996a65076fab51b7bb147b96156a035a07ab9912a4c4dd21617aa56ff6,Home Inspection\2026-09-17 - S15 - Garage separation appliances and vehicle doors - R89771f996a65.mp4,F:\SEED BANK\RECORDINGS\Home Inspection\2026-09-17 - S15 - Garage separation appliances and vehicle doors - R89771f996a65.mp4,incorporated in SG-009; carried forward to SG-010,archived and verified,"[""Recording 2026-09-17 110032.mp4""]","[{""title"": ""Home Inspection Study Guide family"", ""path"": ""C:\\Users\\benja\\Dropbox\\THE PERFORMANCE TEAM\\Home Inspection Training\\CURRENT EDITION"", ""relationship"": ""incorporated in SG-009; carried forward to SG-010""}, {""title"": ""Published SG-009 source register"", ""path"": ""C:\\Users\\benja\\Dropbox\\THE PERFORMANCE TEAM\\Home Inspection Training\\Study Guide Editions\\SG-009\\intake-sources.json"", ""relationship"": ""historical source attribution""}]","[{""topic_id"": ""garage_separation"", ""title"": ""Garages: follow the separation from the dwelling""}, {""topic_id"": ""garage_appliances"", ""title"": ""Garages: distinguish ignition, impact and leak protection""}, {""topic_id"": ""garage_doors"", ""title"": ""Garage doors: inspect the mechanism before operating""}]"
R0ad605bb9ac3,"[""S16""]",original,2026-09-17,Silent garage exam and correction,Silent garage exam and correction,756.479979,336766450,0ad605bb9ac3f7e0a296edb6db7972002cbce6326279d5f13cc9383aa4e58f18,Home Inspection\2026-09-17 - S16 - Silent garage exam and correction - R0ad605bb9ac3.mp4,F:\SEED BANK\RECORDINGS\Home Inspection\2026-09-17 - S16 - Silent garage exam and correction - R0ad605bb9ac3.mp4,incorporated in SG-009; carried forward to SG-010,archived and verified,"[""Recording 2026-09-17 111356.mp4""]","[{""title"": ""Home Inspection Study Guide family"", ""path"": ""C:\\Users\\benja\\Dropbox\\THE PERFORMANCE TEAM\\Home Inspection Training\\CURRENT EDITION"", ""relationship"": ""incorporated in SG-009; carried forward to SG-010""}, {""title"": ""Published SG-009 source register"", ""path"": ""C:\\Users\\benja\\Dropbox\\THE PERFORMANCE TEAM\\Home Inspection Training\\Study Guide Editions\\SG-009\\intake-sources.json"", ""relationship"": ""historical source attribution""}]",[]
Ra7023a5d67da,"[""S17""]",original,2026-09-17,"Roof forms, coverings and unit exam","Roof forms, coverings and unit exam",2402.474646,1126134092,a7023a5d67dadc7210da7c2b5303eca2517c77e71917e6f716022e774decb721,Home Inspection\2026-09-17 - S17 - Roof forms coverings and unit exam - Ra7023a5d67da.mp4,F:\SEED BANK\RECORDINGS\Home Inspection\2026-09-17 - S17 - Roof forms coverings and unit exam - Ra7023a5d67da.mp4,incorporated in SG-009; carried forward to SG-010,archived and verified,"[""Recording 2026-09-17 115438.mp4""]","[{""title"": ""Home Inspection Study Guide family"", ""path"": ""C:\\Users\\benja\\Dropbox\\THE PERFORMANCE TEAM\\Home Inspection Training\\CURRENT EDITION"", ""relationship"": ""incorporated in SG-009; carried forward to SG-010""}, {""title"": ""Published SG-009 source register"", ""path"": ""C:\\Users\\benja\\Dropbox\\THE PERFORMANCE TEAM\\Home Inspection Training\\Study Guide Editions\\SG-009\\intake-sources.json"", ""relationship"": ""historical source attribution""}]","[{""topic_id"": ""roof_forms"", ""title"": ""Roof coverings: identify each plane and drainage route""}, {""topic_id"": ""roof_cover_condition"", ""title"": ""Roof coverings: separate condition from age estimates""}]"
R08bf713c666b,"[""S18""]",original,2026-09-18,"Roof flashing, chimneys, drainage and exams; plumbing introduction","Roof flashing, chimneys, drainage and exams; plumbing introduction",10215.829313,5062408802,08bf713c666b68644442a1ae48d720b1d5701d39cee035d1c94621de3390311c,Home Inspection\2026-09-18 - S18 - Roof flashing chimneys drainage and exams plumbing introduction - R08bf713c666b.mp4,F:\SEED BANK\RECORDINGS\Home Inspection\2026-09-18 - S18 - Roof flashing chimneys drainage and exams plumbing introduction - R08bf713c666b.mp4,incorporated in SG-009; carried forward to SG-010,archived and verified,"[""Recording 2026-09-18 003558.mp4"", ""Recording 2026-09-18 011627.mp4""]","[{""title"": ""Home Inspection Study Guide family"", ""path"": ""C:\\Users\\benja\\Dropbox\\THE PERFORMANCE TEAM\\Home Inspection Training\\CURRENT EDITION"", ""relationship"": ""incorporated in SG-009; carried forward to SG-010""}, {""title"": ""Published SG-009 source register"", ""path"": ""C:\\Users\\benja\\Dropbox\\THE PERFORMANCE TEAM\\Home Inspection Training\\Study Guide Editions\\SG-009\\intake-sources.json"", ""relationship"": ""historical source attribution""}]","[{""topic_id"": ""roof_flashing"", ""title"": ""Flashing: follow water through overlaps and terminations""}, {""topic_id"": ""roof_penetrations"", ""title"": ""Roof penetrations: identify the device and its flashing""}, {""topic_id"": ""chimney_parts"", ""title"": ""Chimneys: separate the enclosure, flue and weather protection""}, {""topic_id"": ""roof_drainage"", ""title"": ""Roof drainage: follow discharge beyond the downspout""}]"
R243f3d5e35e2,"[""S19""]",original,2026-09-18,Private water supply and well components,Private water supply and well components,698.730646,319498887,243f3d5e35e2ff9bed74e7938ff59c1d9a7427fcb6b0c61b2ca56c12a4fd8743,Home Inspection\2026-09-18 - S19 - Private water supply and well components - R243f3d5e35e2.mp4,F:\SEED BANK\RECORDINGS\Home Inspection\2026-09-18 - S19 - Private water supply and well components - R243f3d5e35e2.mp4,incorporated in SG-009; carried forward to SG-010,archived and verified,"[""Recording 2026-09-18 012919.mp4""]","[{""title"": ""Home Inspection Study Guide family"", ""path"": ""C:\\Users\\benja\\Dropbox\\THE PERFORMANCE TEAM\\Home Inspection Training\\CURRENT EDITION"", ""relationship"": ""incorporated in SG-009; carried forward to SG-010""}, {""title"": ""Published SG-009 source register"", ""path"": ""C:\\Users\\benja\\Dropbox\\THE PERFORMANCE TEAM\\Home Inspection Training\\Study Guide Editions\\SG-009\\intake-sources.json"", ""relationship"": ""historical source attribution""}]","[{""topic_id"": ""water_supply"", ""title"": ""Plumbing: identify the supply, controls and materials""}]"
Rad28e921f9c3,"[""S20""]",original,2026-09-18,"Supply materials, fixtures, DWV, pumps and exams","Supply materials, fixtures, DWV, pumps and exams",13079.066633,5885129490,ad28e921f9c37b0140fffd7b02bd2fd76f396be052b7cda6d536f0ea996edb8d,Home Inspection\2026-09-18 - S20 - Supply materials fixtures DWV pumps and exams - Rad28e921f9c3.mp4,F:\SEED BANK\RECORDINGS\Home Inspection\2026-09-18 - S20 - Supply materials fixtures DWV pumps and exams - Rad28e921f9c3.mp4,incorporated in SG-009; carried forward to SG-010,archived and verified,"[""Recording 2026-09-18 121952.mp4""]","[{""title"": ""Home Inspection Study Guide family"", ""path"": ""C:\\Users\\benja\\Dropbox\\THE PERFORMANCE TEAM\\Home Inspection Training\\CURRENT EDITION"", ""relationship"": ""incorporated in SG-009; carried forward to SG-010""}, {""title"": ""Published SG-009 source register"", ""path"": ""C:\\Users\\benja\\Dropbox\\THE PERFORMANCE TEAM\\Home Inspection Training\\Study Guide Editions\\SG-009\\intake-sources.json"", ""relationship"": ""historical source attribution""}]","[{""topic_id"": ""plumbing_materials"", ""title"": ""Plumbing materials: read the marking and intended use""}, {""topic_id"": ""backflow_dwv"", ""title"": ""Backflow and drainage: keep the water paths distinct""}, {""topic_id"": ""plumbing_fixture_checks"", ""title"": ""Fixtures: record functional flow, drainage and leakage separately""}, {""topic_id"": ""dwv_traps_vents"", ""title"": ""DWV: distinguish trap seals, venting and backflow protection""}, {""topic_id"": ""drainage_pumps"", ""title"": ""Drainage pumps: identify the liquid and discharge route""}]"
Rffa6eb843912,"[""S21""]",original,2026-09-18,Water-heater identification and installation,Water-heater identification and installation,6060.202646,2818915836,ffa6eb843912c7903f270977309d9e4b67edac412f67c9100e7b13b461234029,Home Inspection\2026-09-18 - S21 - Water-heater identification and installation - Rffa6eb843912.mp4,F:\SEED BANK\RECORDINGS\Home Inspection\2026-09-18 - S21 - Water-heater identification and installation - Rffa6eb843912.mp4,incorporated in SG-009; carried forward to SG-010,archived and verified,"[""Recording 2026-09-18 140244.mp4""]","[{""title"": ""Home Inspection Study Guide family"", ""path"": ""C:\\Users\\benja\\Dropbox\\THE PERFORMANCE TEAM\\Home Inspection Training\\CURRENT EDITION"", ""relationship"": ""incorporated in SG-009; carried forward to SG-010""}, {""title"": ""Published SG-009 source register"", ""path"": ""C:\\Users\\benja\\Dropbox\\THE PERFORMANCE TEAM\\Home Inspection Training\\Study Guide Editions\\SG-009\\intake-sources.json"", ""relationship"": ""historical source attribution""}]","[{""topic_id"": ""water_heater_identity"", ""title"": ""Water heaters: record identity before interpreting condition""}, {""topic_id"": ""water_heater_relief"", ""title"": ""Relief protection: distinguish temperature, pressure and drainage""}]"
Rc411fc3b0709,"[""S22""]",original,2026-09-18,Water-heater controls and installation,Water-heater controls and installation,2471.231979,1094197646,c411fc3b070924ebee469d80eda853a6a81309cd98ea0873685dedbf94ce2588,Home Inspection\2026-09-18 - S22 - Water-heater controls and installation - Rc411fc3b0709.mp4,F:\SEED BANK\RECORDINGS\Home Inspection\2026-09-18 - S22 - Water-heater controls and installation - Rc411fc3b0709.mp4,incorporated in SG-009; carried forward to SG-010,archived and verified,"[""Recording 2026-09-18 144439.mp4""]","[{""title"": ""Home Inspection Study Guide family"", ""path"": ""C:\\Users\\benja\\Dropbox\\THE PERFORMANCE TEAM\\Home Inspection Training\\CURRENT EDITION"", ""relationship"": ""incorporated in SG-009; carried forward to SG-010""}, {""title"": ""Published SG-009 source register"", ""path"": ""C:\\Users\\benja\\Dropbox\\THE PERFORMANCE TEAM\\Home Inspection Training\\Study Guide Editions\\SG-009\\intake-sources.json"", ""relationship"": ""historical source attribution""}]","[{""topic_id"": ""water_heater_installation"", ""title"": ""Water heaters: inspect the whole installation""}]"
Rba33f1186fc2,"[""S23""]",original,2026-09-18,"Water-heater operation, relief and gas observations","Water-heater operation, relief and gas observations",1129.770646,476420409,ba33f1186fc21343dd6b0d7dc3508f5e55ecb1ed99202f02996d322209343d0f,Home Inspection\2026-09-18 - S23 - Water-heater operation relief and gas observations - Rba33f1186fc2.mp4,F:\SEED BANK\RECORDINGS\Home Inspection\2026-09-18 - S23 - Water-heater operation relief and gas observations - Rba33f1186fc2.mp4,incorporated in SG-009; carried forward to SG-010,archived and verified,"[""Recording 2026-09-18 172206.mp4""]","[{""title"": ""Home Inspection Study Guide family"", ""path"": ""C:\\Users\\benja\\Dropbox\\THE PERFORMANCE TEAM\\Home Inspection Training\\CURRENT EDITION"", ""relationship"": ""incorporated in SG-009; carried forward to SG-010""}, {""title"": ""Published SG-009 source register"", ""path"": ""C:\\Users\\benja\\Dropbox\\THE PERFORMANCE TEAM\\Home Inspection Training\\Study Guide Editions\\SG-009\\intake-sources.json"", ""relationship"": ""historical source attribution""}]",[]
Rd461dbaebbf8,"[""S24""]",original,2026-09-18,"Water-heating variants, fuel gas, electrical service and exams","Water-heating variants, fuel gas, electrical service and exams",16081.365313,7452714471,d461dbaebbf85fb0e9a9fdccc7d1a514f8045028b86b4c5d952ba5388018b021,Home Inspection\2026-09-18 - S24 - Water-heating variants fuel gas electrical service and exams - Rd461dbaebbf8.mp4,F:\SEED BANK\RECORDINGS\Home Inspection\2026-09-18 - S24 - Water-heating variants fuel gas electrical service and exams - Rd461dbaebbf8.mp4,incorporated in SG-009; carried forward to SG-010,archived and verified,"[""Recording 2026-09-18 223213.mp4""]","[{""title"": ""Home Inspection Study Guide family"", ""path"": ""C:\\Users\\benja\\Dropbox\\THE PERFORMANCE TEAM\\Home Inspection Training\\CURRENT EDITION"", ""relationship"": ""incorporated in SG-009; carried forward to SG-010""}, {""title"": ""Published SG-009 source register"", ""path"": ""C:\\Users\\benja\\Dropbox\\THE PERFORMANCE TEAM\\Home Inspection Training\\Study Guide Editions\\SG-009\\intake-sources.json"", ""relationship"": ""historical source attribution""}]","[{""topic_id"": ""water_heater_variants"", ""title"": ""Water-heating variants: identify the energy and circulation paths""}, {""topic_id"": ""gas_piping"", ""title"": ""Fuel gas: distinguish piping, connectors and bonding""}, {""topic_id"": ""electric_service"", ""title"": ""Electrical service: follow the supply and identify limits""}, {""topic_id"": ""electric_conductors"", ""title"": ""Conductors: keep wire size, material and application together""}]"
R2a875ef95a62,"[""S25""]",original,2026-09-19,Electrical panels and branch-wiring context,Electrical panels and branch-wiring context,1926.101313,689855360,2a875ef95a628d3123ebc183ee26764e3ac1105c2a17dfa36cb55b593da71476,Home Inspection\2026-09-19 - S25 - Electrical panels and branch-wiring context - R2a875ef95a62.mp4,F:\SEED BANK\RECORDINGS\Home Inspection\2026-09-19 - S25 - Electrical panels and branch-wiring context - R2a875ef95a62.mp4,incorporated in SG-009; carried forward to SG-010,archived and verified,"[""Recording 2026-09-19 034743.mp4""]","[{""title"": ""Home Inspection Study Guide family"", ""path"": ""C:\\Users\\benja\\Dropbox\\THE PERFORMANCE TEAM\\Home Inspection Training\\CURRENT EDITION"", ""relationship"": ""incorporated in SG-009; carried forward to SG-010""}, {""title"": ""Published SG-009 source register"", ""path"": ""C:\\Users\\benja\\Dropbox\\THE PERFORMANCE TEAM\\Home Inspection Training\\Study Guide Editions\\SG-009\\intake-sources.json"", ""relationship"": ""historical source attribution""}]","[{""topic_id"": ""electric_panels"", ""title"": ""Panels: use labels and visual evidence without reaching inside""}, {""topic_id"": ""electric_alternative"", ""title"": ""Alternative power: recognize additional energy sources""}]"
R2cb6eb67e532,"[""S26""]",original,2026-09-19,"Multiwire circuits, wiring methods, legacy conductors and exam","Multiwire circuits, wiring methods, legacy conductors and exam",3102.655979,1017778868,2cb6eb67e532d77a7231a97033fb52418f3377391b1c27cb476c25318551413c,Home Inspection\2026-09-19 - S26 - Multiwire circuits wiring methods legacy conductors and exam - R2cb6eb67e532.mp4,F:\SEED BANK\RECORDINGS\Home Inspection\2026-09-19 - S26 - Multiwire circuits wiring methods legacy conductors and exam - R2cb6eb67e532.mp4,incorporated in SG-009; carried forward to SG-010,archived and verified,"[""Recording 2026-09-19 044237.mp4""]","[{""title"": ""Home Inspection Study Guide family"", ""path"": ""C:\\Users\\benja\\Dropbox\\THE PERFORMANCE TEAM\\Home Inspection Training\\CURRENT EDITION"", ""relationship"": ""incorporated in SG-009; carried forward to SG-010""}, {""title"": ""Published SG-009 source register"", ""path"": ""C:\\Users\\benja\\Dropbox\\THE PERFORMANCE TEAM\\Home Inspection Training\\Study Guide Editions\\SG-009\\intake-sources.json"", ""relationship"": ""historical source attribution""}]","[{""topic_id"": ""electric_multiwire"", ""title"": ""Multiwire circuits: understand the shared neutral""}, {""topic_id"": ""electric_wiring_methods"", ""title"": ""Wiring methods: identify cable, raceway and exposure""}, {""topic_id"": ""electric_legacy"", ""title"": ""Older wiring: describe the hazard without overstating the evidence""}]"
Rd8d96dffe7dd,"[""S27""]",original,2026-09-19,"Devices, recessed-light correction and exam","Devices, recessed-light correction and exam",1777.151979,583040007,d8d96dffe7dd58486ed81cc7778a6693349520876ecc62a768f91de5958f060a,Home Inspection\2026-09-19 - S27 - Devices recessed-light correction and exam - Rd8d96dffe7dd.mp4,F:\SEED BANK\RECORDINGS\Home Inspection\2026-09-19 - S27 - Devices recessed-light correction and exam - Rd8d96dffe7dd.mp4,incorporated in SG-009; carried forward to SG-010,archived and verified,"[""Recording 2026-09-19 051411.mp4""]","[{""title"": ""Home Inspection Study Guide family"", ""path"": ""C:\\Users\\benja\\Dropbox\\THE PERFORMANCE TEAM\\Home Inspection Training\\CURRENT EDITION"", ""relationship"": ""incorporated in SG-009; carried forward to SG-010""}, {""title"": ""Published SG-009 source register"", ""path"": ""C:\\Users\\benja\\Dropbox\\THE PERFORMANCE TEAM\\Home Inspection Training\\Study Guide Editions\\SG-009\\intake-sources.json"", ""relationship"": ""historical source attribution""}]","[{""topic_id"": ""electric_devices"", ""title"": ""Devices: separate protection, location and operation""}]"
R5947190be597,"[""S28""]",original,2026-09-19,"Gas heating, controls, combustion and exams","Gas heating, controls, combustion and exams",7208.554646,2662165508,5947190be597ecdb8bb1c5a1a1b3d56440dfcf494e9265185f4a49efff5cfae0,Home Inspection\2026-09-19 - S28 - Gas heating controls combustion and exams - R5947190be597.mp4,F:\SEED BANK\RECORDINGS\Home Inspection\2026-09-19 - S28 - Gas heating controls combustion and exams - R5947190be597.mp4,incorporated in SG-009; carried forward to SG-010,archived and verified,"[""Recording 2026-09-19 180545.mp4""]","[{""title"": ""Home Inspection Study Guide family"", ""path"": ""C:\\Users\\benja\\Dropbox\\THE PERFORMANCE TEAM\\Home Inspection Training\\CURRENT EDITION"", ""relationship"": ""incorporated in SG-009; carried forward to SG-010""}, {""title"": ""Published SG-009 source register"", ""path"": ""C:\\Users\\benja\\Dropbox\\THE PERFORMANCE TEAM\\Home Inspection Training\\Study Guide Editions\\SG-009\\intake-sources.json"", ""relationship"": ""historical source attribution""}]","[{""topic_id"": ""heating_controls"", ""title"": ""Heating: operate through normal controls and record the response""}, {""topic_id"": ""combustion_air"", ""title"": ""Combustion air: preserve the configuration and units""}, {""topic_id"": ""furnace_types"", ""title"": ""Furnaces: distinguish circulation from combustion venting""}, {""topic_id"": ""furnace_safety"", ""title"": ""Furnaces: preserve safety controls and inspection limits""}, {""topic_id"": ""venting"", ""title"": ""Venting: match the appliance, connector and termination""}]"
Rdffd2cdda69d,"[""S29""]",original,2026-09-19,"Oil heating, gravity distribution and exams","Oil heating, gravity distribution and exams",7030.591979,2672024601,dffd2cdda69d12e0552bd7621f25a7603ff9e83b56dd39344673bd6156844e77,Home Inspection\2026-09-19 - S29 - Oil heating gravity distribution and exams - Rdffd2cdda69d.mp4,F:\SEED BANK\RECORDINGS\Home Inspection\2026-09-19 - S29 - Oil heating gravity distribution and exams - Rdffd2cdda69d.mp4,incorporated in SG-009; carried forward to SG-010,archived and verified,"[""Recording 2026-09-19 202731.mp4""]","[{""title"": ""Home Inspection Study Guide family"", ""path"": ""C:\\Users\\benja\\Dropbox\\THE PERFORMANCE TEAM\\Home Inspection Training\\CURRENT EDITION"", ""relationship"": ""incorporated in SG-009; carried forward to SG-010""}, {""title"": ""Published SG-009 source register"", ""path"": ""C:\\Users\\benja\\Dropbox\\THE PERFORMANCE TEAM\\Home Inspection Training\\Study Guide Editions\\SG-009\\intake-sources.json"", ""relationship"": ""historical source attribution""}]","[{""topic_id"": ""oil_storage"", ""title"": ""Oil heat: follow the tank, fill, vent and supply line""}, {""topic_id"": ""oil_burners"", ""title"": ""Oil burners: recognize components without servicing them""}, {""topic_id"": ""oil_draft"", ""title"": ""Oil heat: keep draft control and maintenance in scope""}, {""topic_id"": ""gravity_furnaces"", ""title"": ""Older gravity furnaces: describe the system and its limits""}]"
R4834593f20c1,"[""S30""]",original,2026-09-19,"Furnace inspection, airflow, venting, heat exchangers and oil draft","Furnace inspection, airflow, venting, heat exchangers and oil draft",7610.666646,2859397180,4834593f20c19a68ca8326d22817a2a57d4ddeddb833ab41de188643b4354638,Home Inspection\2026-09-19 - S30 - Furnace inspection airflow venting heat exchangers and oil draft - R4834593f20c1.mp4,F:\SEED BANK\RECORDINGS\Home Inspection\2026-09-19 - S30 - Furnace inspection airflow venting heat exchangers and oil draft - R4834593f20c1.mp4,incorporated in SG-009; carried forward to SG-010,archived and verified,"[""Recording 2026-09-19 223745.mp4""]","[{""title"": ""Home Inspection Study Guide family"", ""path"": ""C:\\Users\\benja\\Dropbox\\THE PERFORMANCE TEAM\\Home Inspection Training\\CURRENT EDITION"", ""relationship"": ""incorporated in SG-009; carried forward to SG-010""}, {""title"": ""Published SG-009 source register"", ""path"": ""C:\\Users\\benja\\Dropbox\\THE PERFORMANCE TEAM\\Home Inspection Training\\Study Guide Editions\\SG-009\\intake-sources.json"", ""relationship"": ""historical source attribution""}]","[{""topic_id"": ""gas_piping"", ""title"": ""Fuel gas: distinguish piping, connectors and bonding""}, {""topic_id"": ""furnace_safety"", ""title"": ""Furnaces: preserve safety controls and inspection limits""}, {""topic_id"": ""furnace_access"", ""title"": ""Furnace access, orientation and support""}, {""topic_id"": ""furnace_access"", ""title"": ""Furnace access, orientation and support""}, {""topic_id"": ""furnace_airflow"", ""title"": ""Circulating air, filters and heat-recovery ventilation""}, {""topic_id"": ""furnace_airflow"", ""title"": ""Circulating air, filters and heat-recovery ventilation""}, {""topic_id"": ""furnace_airflow"", ""title"": ""Circulating air, filters and heat-recovery ventilation""}, {""topic_id"": ""temperature_rise"", ""title"": ""Temperature rise: label, reading and limit""}, {""topic_id"": ""temperature_rise"", ""title"": ""Temperature rise: label, reading and limit""}, {""topic_id"": ""furnace_vent_details"", ""title"": ""Vent details: identify the listed assembly""}, {""topic_id"": ""furnace_vent_details"", ""title"": ""Vent details: identify the listed assembly""}, {""topic_id"": ""furnace_vent_details"", ""title"": ""Vent details: identify the listed assembly""}, {""topic_id"": ""heat_exchanger_limits"", ""title"": ""Heat exchanger: visible evidence versus assurance""}, {""topic_id"": ""heat_exchanger_limits"", ""title"": ""Heat exchanger: visible evidence versus assurance""}, {""topic_id"": ""heat_exchanger_limits"", ""title"": ""Heat exchanger: visible evidence versus assurance""}, {""topic_id"": ""heat_exchanger_limits"", ""title"": ""Heat exchanger: visible evidence versus assurance""}, {""topic_id"": ""furnace_accessories"", ""title"": ""Accessories: identify the water and power paths""}, {""topic_id"": ""furnace_accessories"", ""title"": ""Accessories: identify the water and power paths""}, {""topic_id"": ""furnace_accessories"", ""title"": ""Accessories: identify the water and power paths""}, {""topic_id"": ""oil_draft"", ""title"": ""Oil heat: keep draft control and maintenance in scope""}]"
Rd9acf858195a,"[""S31""]",original,2026-09-20,"Cooling/heat pumps; interior scope, plaster/drywall and moisture; three recorded exams","Cooling/heat pumps; interior scope, plaster/drywall and moisture; three recorded exams",8821.994646,4146681116,d9acf858195a3e588692dbc3d6cfe9d3783e76914e98eac9e46fb3ff37faaa84,"Home Inspection\2026-09-20 - S31 - Cooling and heat pumps, interior scope, plaster-drywall and moisture, three recorded exams - Rd9acf858195a.mp4","F:\SEED BANK\RECORDINGS\Home Inspection\2026-09-20 - S31 - Cooling and heat pumps, interior scope, plaster-drywall and moisture, three recorded exams - Rd9acf858195a.mp4",incorporated in SG-009; carried forward to SG-010,archived and verified,"[""20260920-2037-30.7704618.mp4"", ""Recording 2026-09-20 191213.mp4""]","[{""title"": ""Home Inspection Study Guide family"", ""path"": ""C:\\Users\\benja\\Dropbox\\THE PERFORMANCE TEAM\\Home Inspection Training\\CURRENT EDITION"", ""relationship"": ""incorporated in SG-009; carried forward to SG-010""}, {""title"": ""Published SG-009 source register"", ""path"": ""C:\\Users\\benja\\Dropbox\\THE PERFORMANCE TEAM\\Home Inspection Training\\Study Guide Editions\\SG-009\\intake-sources.json"", ""relationship"": ""historical source attribution""}]","[{""topic_id"": ""movement"", ""title"": ""Read cracks with the surrounding structure""}, {""topic_id"": ""moisture"", ""title"": ""Distinguish moisture evidence from its cause""}, {""topic_id"": ""window_glazing"", ""title"": ""Describe the glazing defect and its limits""}, {""topic_id"": ""window_operation_detail"", ""title"": ""Match the operating check to the window type""}, {""topic_id"": ""door_operation"", ""title"": ""Inspect each exterior door and explain the operating defect""}, {""topic_id"": ""cooling_scope"", ""title"": ""Cooling: identify, operate, document the limit""}, {""topic_id"": ""cooling_types"", ""title"": ""Cooling equipment: sort by the heat path""}, {""topic_id"": ""ductless_cooling"", ""title"": ""Mini-splits: each head has its own evidence""}, {""topic_id"": ""heatpump_modes"", ""title"": ""Heat pump: one circuit, different coil jobs""}, {""topic_id"": ""heatpump_inspection"", ""title"": ""Heat-pump test: preserve mode, conditions and uncertainty""}, {""topic_id"": ""geothermal"", ""title"": ""Ground-source: separate the loop from the equipment""}, {""topic_id"": ""interior_facings"", ""title"": ""Interior layers: finish defect, attachment or movement?""}, {""topic_id"": ""interior_moisture"", ""title"": ""Interior moisture: connect the levels, retain the unknown""}]"
R8c7b33134e79,"[""S32""]",original,2026-09-20,Interior Unit 7 opening; personally flagged Code Check 3-way/4-way switching chart,Interior Unit 7 opening; personally flagged Code Check 3-way/4-way switching chart,61.311979,28736094,8c7b33134e7923f5ed6f61ccc89cfe72a39faf7e3eb762795bc97d85267a1feb,"Home Inspection\2026-09-20 - S32 - Interior Unit 7 opening, personally flagged Code Check 3-way and 4-way switching chart - R8c7b33134e79.mp4","F:\SEED BANK\RECORDINGS\Home Inspection\2026-09-20 - S32 - Interior Unit 7 opening, personally flagged Code Check 3-way and 4-way switching chart - R8c7b33134e79.mp4",incorporated in SG-009; carried forward to SG-010,archived and verified,"[""20260921-0325-13.3188907.mp4"", ""Recording 2026-09-20 232624.mp4""]","[{""title"": ""Home Inspection Study Guide family"", ""path"": ""C:\\Users\\benja\\Dropbox\\THE PERFORMANCE TEAM\\Home Inspection Training\\CURRENT EDITION"", ""relationship"": ""incorporated in SG-009; carried forward to SG-010""}, {""title"": ""Published SG-009 source register"", ""path"": ""C:\\Users\\benja\\Dropbox\\THE PERFORMANCE TEAM\\Home Inspection Training\\Study Guide Editions\\SG-009\\intake-sources.json"", ""relationship"": ""historical source attribution""}]","[{""topic_id"": ""electric_devices"", ""title"": ""Devices: separate protection, location and operation""}]"
Rd37a7149f40e,"[""S38""]",original,2026-09-20,"Hydronic and electric heating, refrigeration and cooling lessons","Hydronic and electric heating, refrigeration and cooling lessons",19785.855979,7265169346,d37a7149f40e6986ab19cfb468c583da10c99d0d642f1c9e835aab19f83bba99,Home Inspection\2026-09-20 - S38 - Hydronic and electric heating refrigeration and cooling lessons - Rd37a7149f40e.mp4,F:\SEED BANK\RECORDINGS\Home Inspection\2026-09-20 - S38 - Hydronic and electric heating refrigeration and cooling lessons - Rd37a7149f40e.mp4,SG-010 incorporation pending; local extraction/review in progress,archived and verified,"[""2026-09-20 - S38 - Hydronic and electric heating refrigeration and cooling lessons - Rd37a7149f40e.mp4"", ""20260920-0244-29.6601114.mp4""]","[{""title"": ""Home Inspection Study Guide family"", ""path"": ""C:\\Users\\benja\\Dropbox\\THE PERFORMANCE TEAM\\Home Inspection Training\\CURRENT EDITION"", ""relationship"": ""SG-010 incorporation pending; local extraction/review in progress""}, {""title"": ""Published SG-009 source register"", ""path"": ""C:\\Users\\benja\\Dropbox\\THE PERFORMANCE TEAM\\Home Inspection Training\\Study Guide Editions\\SG-009\\intake-sources.json"", ""relationship"": ""not included in SG-009""}]",[]
Ra21571269462,"[""S33""]",original,2026-09-21,"Kitchen appliances, bathrooms, laundry and life safety","Kitchen appliances, bathrooms, laundry and life safety",9483.029313,4554762142,a21571269462345055a7168382083b49db6912875ea8486fb4e93acf89dec059,Home Inspection\2026-09-21 - S33 - Kitchen appliances bathrooms laundry and life safety - Ra21571269462.mp4,F:\SEED BANK\RECORDINGS\Home Inspection\2026-09-21 - S33 - Kitchen appliances bathrooms laundry and life safety - Ra21571269462.mp4,SG-010 incorporation pending; local extraction/review in progress,archived and verified,"[""20260921-0326-42.4669895.mp4"", ""Recording 2026-09-21 020522.mp4""]","[{""title"": ""Home Inspection Study Guide family"", ""path"": ""C:\\Users\\benja\\Dropbox\\THE PERFORMANCE TEAM\\Home Inspection Training\\CURRENT EDITION"", ""relationship"": ""SG-010 incorporation pending; local extraction/review in progress""}, {""title"": ""Published SG-009 source register"", ""path"": ""C:\\Users\\benja\\Dropbox\\THE PERFORMANCE TEAM\\Home Inspection Training\\Study Guide Editions\\SG-009\\intake-sources.json"", ""relationship"": ""not included in SG-009""}]",[]
R009a2c2c3904,"[""S34""]",original,2026-09-21,"Insulation, air and vapor control, ventilation and exams","Insulation, air and vapor control, ventilation and exams",8998.805313,4342916495,009a2c2c39047963b9a24da6b27af778c2cb01c46e23e3dc7494f6eb83dafd17,Home Inspection\2026-09-21 - S34 - Insulation air and vapor control ventilation and exams - R009a2c2c3904.mp4,F:\SEED BANK\RECORDINGS\Home Inspection\2026-09-21 - S34 - Insulation air and vapor control ventilation and exams - R009a2c2c3904.mp4,SG-010 incorporation pending; local extraction/review in progress,archived and verified,"[""20260921-0614-52.4793553.mp4"", ""Recording 2026-09-21 044719.mp4""]","[{""title"": ""Home Inspection Study Guide family"", ""path"": ""C:\\Users\\benja\\Dropbox\\THE PERFORMANCE TEAM\\Home Inspection Training\\CURRENT EDITION"", ""relationship"": ""SG-010 incorporation pending; local extraction/review in progress""}, {""title"": ""Published SG-009 source register"", ""path"": ""C:\\Users\\benja\\Dropbox\\THE PERFORMANCE TEAM\\Home Inspection Training\\Study Guide Editions\\SG-009\\intake-sources.json"", ""relationship"": ""not included in SG-009""}]",[]
R6bd9539d3eba,"[""S35""]",original,2026-09-21,"Insulation completion, pools, irrigation, environmental topics and course exam review","Insulation completion, pools, irrigation, environmental topics and course exam review",4878.506646,2264765088,6bd9539d3ebad1b5361765e10f5387130f822edacdb0bfc89efd3dea2154bb87,Home Inspection\2026-09-21 - S35 - Insulation completion pools irrigation environmental topics and course exam review - R6bd9539d3eba.mp4,F:\SEED BANK\RECORDINGS\Home Inspection\2026-09-21 - S35 - Insulation completion pools irrigation environmental topics and course exam review - R6bd9539d3eba.mp4,SG-010 incorporation pending; local extraction/review in progress,archived and verified,"[""20260921-0852-08.6462659.mp4""]","[{""title"": ""Home Inspection Study Guide family"", ""path"": ""C:\\Users\\benja\\Dropbox\\THE PERFORMANCE TEAM\\Home Inspection Training\\CURRENT EDITION"", ""relationship"": ""SG-010 incorporation pending; local extraction/review in progress""}, {""title"": ""Published SG-009 source register"", ""path"": ""C:\\Users\\benja\\Dropbox\\THE PERFORMANCE TEAM\\Home Inspection Training\\Study Guide Editions\\SG-009\\intake-sources.json"", ""relationship"": ""not included in SG-009""}]",[]
Re6da3a6100ac,"[""S36""]",original,2026-09-21,Inspector role outline and initial practice assessment,Inspector role outline and initial practice assessment,2168.149313,993222766,e6da3a6100ac7f97b01234807281192b0ef94c158690060845c82b0b3c0a1f37,Home Inspection\2026-09-21 - S36 - Inspector role outline and initial practice assessment - Re6da3a6100ac.mp4,F:\SEED BANK\RECORDINGS\Home Inspection\2026-09-21 - S36 - Inspector role outline and initial practice assessment - Re6da3a6100ac.mp4,SG-010 incorporation pending; local extraction/review in progress,archived and verified,"[""20260921-1017-10.4919007.mp4""]","[{""title"": ""Home Inspection Study Guide family"", ""path"": ""C:\\Users\\benja\\Dropbox\\THE PERFORMANCE TEAM\\Home Inspection Training\\CURRENT EDITION"", ""relationship"": ""SG-010 incorporation pending; local extraction/review in progress""}, {""title"": ""Published SG-009 source register"", ""path"": ""C:\\Users\\benja\\Dropbox\\THE PERFORMANCE TEAM\\Home Inspection Training\\Study Guide Editions\\SG-009\\intake-sources.json"", ""relationship"": ""not included in SG-009""}]",[]
R51371bd68c3f,"[""S37""]",original,2026-09-21,"Initial practice assessment result - 36 of 50, 72 percent","Initial practice assessment result - 36 of 50, 72 percent",74.047979,30691999,51371bd68c3fb80791b2fe87853fb6f28ec8a650a2189bc6a3f3e9dfab037caa,Home Inspection\2026-09-21 - S37 - Initial practice assessment result - 36 of 50 72 percent - R51371bd68c3f.mp4,F:\SEED BANK\RECORDINGS\Home Inspection\2026-09-21 - S37 - Initial practice assessment result - 36 of 50 72 percent - R51371bd68c3f.mp4,SG-010 incorporation pending; local extraction/review in progress,archived and verified,"[""20260921-1059-44.5643258.mp4"", ""Recording 2026-09-21 070110.mp4""]","[{""title"": ""Home Inspection Study Guide family"", ""path"": ""C:\\Users\\benja\\Dropbox\\THE PERFORMANCE TEAM\\Home Inspection Training\\CURRENT EDITION"", ""relationship"": ""SG-010 incorporation pending; local extraction/review in progress""}, {""title"": ""Published SG-009 source register"", ""path"": ""C:\\Users\\benja\\Dropbox\\THE PERFORMANCE TEAM\\Home Inspection Training\\Study Guide Editions\\SG-009\\intake-sources.json"", ""relationship"": ""not included in SG-009""}]",[]
R70c2edb4c1f5,"[""PS-505-01""]",original,2026-09-20,505 Walker Ave - Google Maps and Street View snapshot,Recorded Google Maps / Street View views used in the 505 Walker desktop property review. Recording date is separate from imagery capture date (September 2022).,25.258646,25058772,70c2edb4c1f505e56acda72e008cf33ee61a5059e82099bfb2f7d1ce1f34f0de,Property Reviews\2026-09-20 - PS-505-01 - 505 Walker Ave - Google Maps and Street View snapshot - R70c2edb4c1f5.mp4,F:\SEED BANK\RECORDINGS\Property Reviews\2026-09-20 - PS-505-01 - 505 Walker Ave - Google Maps and Street View snapshot - R70c2edb4c1f5.mp4,incorporated in property review,archived and verified,"[""Snapshot_505WalkerAve_GoogleMaps.mp4""]","[{""title"": ""505 Walker - Combined Property Review"", ""path"": ""C:\\Users\\benja\\Dropbox\\THE PERFORMANCE TEAM\\Property Reviews\\505 Walker Ave\\505 WALKER - COMBINED PROPERTY REVIEW.pdf"", ""relationship"": ""source imagery and desktop review""}]",[]
R4f902a2e300b,[],original,2026-09-20,Interior lessons - interrupted original preserved,"Shutdown original with a missing MP4 index. A separate playable S39 copy recovers the floors, stairs and fireplace lessons; the original bytes remain retained for provenance and any future recovery.",,4170872325,4f902a2e300b82dcf4b00de8b69dc3cbe3d3daa768053408b481b31d0c70e871,Recovery\2026-09-20 - Interior lessons - interrupted original preserved - R4f902a2e300b.mp4,F:\SEED BANK\RECORDINGS\Recovery\2026-09-20 - Interior lessons - interrupted original preserved - R4f902a2e300b.mp4,repaired copy verified as S39; course incorporation pending,archived and verified,"[""20260920-2321-59.9933838.mp4""]","[{""title"": ""S39 recovered playable recording"", ""path"": ""F:\\SEED BANK\\RECORDINGS\\Home Inspection\\2026-09-20 - S39 - Recovered interior floors stairs and fireplaces - R49353ce5bfa0.mp4"", ""relationship"": ""reconstructed working derivative; original retained""}, {""title"": ""Recovery receipt"", ""path"": ""F:\\SEED BANK\\DATA_ARCHIVE\\HOME_INSPECTION\\Working Evidence\\mp4-recovery-20260921\\RECOVERY RECEIPT.json"", ""relationship"": ""repair method, hashes and strict full-decode result""}]",[]
R305a9fec5799,[],original,2026-04-06,Silent audio capture - 18 seconds,The entire decoded audio contains digital silence in every channel. Retained as an original capture; no spoken content or associated work product.,18.175396,464076,305a9fec57995d964c8d0a386f331f8f4d0d6cc0295d5913ed7f07c747eefe1e,Silent Captures\2026-04-06 - Silent audio capture - 18 seconds - R305a9fec5799.m4a,F:\SEED BANK\RECORDINGS\Silent Captures\2026-04-06 - Silent audio capture - 18 seconds - R305a9fec5799.m4a,full-signal check confirms digital silence; retained without incorporation,archived and verified,"[""Recording (5).m4a""]",[],[]
R60bf0e4edde5,[],original,2026-04-06,Silent audio capture - 49 seconds,The entire decoded audio contains digital silence in every channel. Retained as an original capture; no spoken content or associated work product.,48.78875,1243600,60bf0e4edde51384496eb1fdbe19d27476cf13613d59d051a46029cf2ff8cff2,Silent Captures\2026-04-06 - Silent audio capture - 49 seconds - R60bf0e4edde5.m4a,F:\SEED BANK\RECORDINGS\Silent Captures\2026-04-06 - Silent audio capture - 49 seconds - R60bf0e4edde5.m4a,full-signal check confirms digital silence; retained without incorporation,archived and verified,"[""Recording (6).m4a""]",[],[]
R644a8f35076c,[],original,2026-04-06,Silent audio capture - 7 seconds,The entire decoded audio contains digital silence in every channel. Retained as an original capture; no spoken content or associated work product.,6.676625,171312,644a8f35076c0f5725937a7c7355f449ab7d46bddb4434230ca74ce7a69ec235,Silent Captures\2026-04-06 - Silent audio capture - 7 seconds - R644a8f35076c.m4a,F:\SEED BANK\RECORDINGS\Silent Captures\2026-04-06 - Silent audio capture - 7 seconds - R644a8f35076c.m4a,full-signal check confirms digital silence; retained without incorporation,archived and verified,"[""Recording (7).m4a""]",[],[]
R6a1c01550075,[],original,2026-04-06,Silent audio capture - 15 seconds,The entire decoded audio contains digital silence in every channel. Retained as an original capture; no spoken content or associated work product.,14.506021,370824,6a1c015500757f5723626890ad1f8477361ee6ff8604bb6f0bac1d58adbf93d4,Silent Captures\2026-04-06 - Silent audio capture - 15 seconds - R6a1c01550075.m4a,F:\SEED BANK\RECORDINGS\Silent Captures\2026-04-06 - Silent audio capture - 15 seconds - R6a1c01550075.m4a,full-signal check confirms digital silence; retained without incorporation,archived and verified,"[""Recording (3).m4a""]",[],[]
Rc1638812dff1,[],original,2026-04-06,Silent audio capture - 9 seconds,The entire decoded audio contains digital silence in every channel. Retained as an original capture; no spoken content or associated work product.,8.873979,227256,c1638812dff1be268a344cd50012b1a0e67988ab1243c59a5271b0141b0deb35,Silent Captures\2026-04-06 - Silent audio capture - 9 seconds - Rc1638812dff1.m4a,F:\SEED BANK\RECORDINGS\Silent Captures\2026-04-06 - Silent audio capture - 9 seconds - Rc1638812dff1.m4a,full-signal check confirms digital silence; retained without incorporation,archived and verified,"[""Recording (4).m4a""]",[],[]
Reeea47cf9c91,[],original,2026-04-02,Audio note - content unconfirmed - Recording (2),Short audio recording with a nonzero signal. Full local speech recognition did not establish reliable spoken content or a subject; retained for listening review. No associated work product identified.,107.540917,2737160,eeea47cf9c91a6d3bc3668109ca6ac299b416cf56360c6b4a133b1099465e5b1,Unidentified Audio\2026-04-02 - Audio note - content unconfirmed - Recording 2 - Reeea47cf9c91.m4a,F:\SEED BANK\RECORDINGS\Unidentified Audio\2026-04-02 - Audio note - content unconfirmed - Recording 2 - Reeea47cf9c91.m4a,identification pending,archived and verified,"[""Recording (2).m4a""]",[],[]
Rf5b62e5f052c,[],original,2026-04-02,Audio note - content unconfirmed - Recording,Short audio recording with a nonzero signal. Full local speech recognition did not establish reliable spoken content or a subject; retained for listening review. No associated work product identified.,174.07975,4433700,f5b62e5f052c2b02c71389dbe8200ee4240e52da06835d8065f0df4aec1b4f7f,Unidentified Audio\2026-04-02 - Audio note - content unconfirmed - Recording - Rf5b62e5f052c.m4a,F:\SEED BANK\RECORDINGS\Unidentified Audio\2026-04-02 - Audio note - content unconfirmed - Recording - Rf5b62e5f052c.m4a,identification pending,archived and verified,"[""Recording.m4a""]",[],[]
R0335041111c9,[],derived_audio_chunk,2026-07-28,GABE_BEN_BBDF_part_02,Five-minute listening/transcription part derived from the Ben/Gabe BBDF conversation; not an additional original recording.,300.0175,7322960,0335041111c969caa29e736960b91dbe3767babdfcd95eb3dde8efb701344983,Derivatives\Ben and Gabe\GABE_BEN_BBDF_part_02.m4a,F:\SEED BANK\RECORDINGS\Derivatives\Ben and Gabe\GABE_BEN_BBDF_part_02.m4a,derived chunk,archived and verified,"[""GABE_BEN_BBDF_part_02.m4a""]","[{""title"": ""Ben/Gabe transcript set"", ""path"": ""C:\\Users\\benja\\Dropbox\\THE PERFORMANCE TEAM\\Sound Recordings\\GABE_BEN_7-28-26_TRANSCRIPT FILES"", ""relationship"": ""transcription chunk""}]",[]
R0f846ec90fd1,[],derived_audio_chunk,2026-07-28,GABE_BEN_BBDF_part_31,Five-minute listening/transcription part derived from the Ben/Gabe BBDF conversation; not an additional original recording.,299.996438,7329170,0f846ec90fd168f8fbed26d4d99838510c72caf12dc8ca5e2f3650858864e9a3,Derivatives\Ben and Gabe\GABE_BEN_BBDF_part_31.m4a,F:\SEED BANK\RECORDINGS\Derivatives\Ben and Gabe\GABE_BEN_BBDF_part_31.m4a,derived chunk,archived and verified,"[""GABE_BEN_BBDF_part_31.m4a""]","[{""title"": ""Ben/Gabe transcript set"", ""path"": ""C:\\Users\\benja\\Dropbox\\THE PERFORMANCE TEAM\\Sound Recordings\\GABE_BEN_7-28-26_TRANSCRIPT FILES"", ""relationship"": ""transcription chunk""}]",[]
R15b302d39938,[],derived_audio_chunk,2026-07-28,GABE_BEN_BBDF_part_17,Five-minute listening/transcription part derived from the Ben/Gabe BBDF conversation; not an additional original recording.,299.995542,7327601,15b302d39938718d132725bd5fbd7b137327952c321b29d512c34ff7f2394d9c,Derivatives\Ben and Gabe\GABE_BEN_BBDF_part_17.m4a,F:\SEED BANK\RECORDINGS\Derivatives\Ben and Gabe\GABE_BEN_BBDF_part_17.m4a,derived chunk,archived and verified,"[""GABE_BEN_BBDF_part_17.m4a""]","[{""title"": ""Ben/Gabe transcript set"", ""path"": ""C:\\Users\\benja\\Dropbox\\THE PERFORMANCE TEAM\\Sound Recordings\\GABE_BEN_7-28-26_TRANSCRIPT FILES"", ""relationship"": ""transcription chunk""}]",[]
R1ee156de0d8a,[],derived_audio_chunk,2026-07-28,GABE_BEN_BBDF_part_18,Five-minute listening/transcription part derived from the Ben/Gabe BBDF conversation; not an additional original recording.,299.99625,7328344,1ee156de0d8a3836da4e35049d5183b3503fe8afc1dda31d04c2a2d41831f259,Derivatives\Ben and Gabe\GABE_BEN_BBDF_part_18.m4a,F:\SEED BANK\RECORDINGS\Derivatives\Ben and Gabe\GABE_BEN_BBDF_part_18.m4a,derived chunk,archived and verified,"[""GABE_BEN_BBDF_part_18.m4a""]","[{""title"": ""Ben/Gabe transcript set"", ""path"": ""C:\\Users\\benja\\Dropbox\\THE PERFORMANCE TEAM\\Sound Recordings\\GABE_BEN_7-28-26_TRANSCRIPT FILES"", ""relationship"": ""transcription chunk""}]",[]
R208e0292d000,[],derived_audio_chunk,2026-07-28,GABE_BEN_BBDF_part_36,Five-minute listening/transcription part derived from the Ben/Gabe BBDF conversation; not an additional original recording.,300.017542,7327582,208e0292d000425bb5ef36ceb17ece64812fc67156b3dc637c086bc3dd565c9d,Derivatives\Ben and Gabe\GABE_BEN_BBDF_part_36.m4a,F:\SEED BANK\RECORDINGS\Derivatives\Ben and Gabe\GABE_BEN_BBDF_part_36.m4a,derived chunk,archived and verified,"[""GABE_BEN_BBDF_part_36.m4a""]","[{""title"": ""Ben/Gabe transcript set"", ""path"": ""C:\\Users\\benja\\Dropbox\\THE PERFORMANCE TEAM\\Sound Recordings\\GABE_BEN_7-28-26_TRANSCRIPT FILES"", ""relationship"": ""transcription chunk""}]",[]
R23b29f8787ad,[],derived_audio_chunk,2026-07-28,GABE_BEN_BBDF_part_26,Five-minute listening/transcription part derived from the Ben/Gabe BBDF conversation; not an additional original recording.,299.996958,7326657,23b29f8787ad0a2570077778e1a247d9eb95e76e059b1ad563546daea52c8566,Derivatives\Ben and Gabe\GABE_BEN_BBDF_part_26.m4a,F:\SEED BANK\RECORDINGS\Derivatives\Ben and Gabe\GABE_BEN_BBDF_part_26.m4a,derived chunk,archived and verified,"[""GABE_BEN_BBDF_part_26.m4a""]","[{""title"": ""Ben/Gabe transcript set"", ""path"": ""C:\\Users\\benja\\Dropbox\\THE PERFORMANCE TEAM\\Sound Recordings\\GABE_BEN_7-28-26_TRANSCRIPT FILES"", ""relationship"": ""transcription chunk""}]",[]
R26753437793e,[],derived_audio_chunk,2026-07-28,GABE_BEN_BBDF_part_35,Five-minute listening/transcription part derived from the Ben/Gabe BBDF conversation; not an additional original recording.,299.996292,7327360,26753437793e6705e7303bc2d675f6b9a3a6ad89f0bf2d5282c759e8905449bc,Derivatives\Ben and Gabe\GABE_BEN_BBDF_part_35.m4a,F:\SEED BANK\RECORDINGS\Derivatives\Ben and Gabe\GABE_BEN_BBDF_part_35.m4a,derived chunk,archived and verified,"[""GABE_BEN_BBDF_part_35.m4a""]","[{""title"": ""Ben/Gabe transcript set"", ""path"": ""C:\\Users\\benja\\Dropbox\\THE PERFORMANCE TEAM\\Sound Recordings\\GABE_BEN_7-28-26_TRANSCRIPT FILES"", ""relationship"": ""transcription chunk""}]",[]
R2a56010de534,[],derived_audio_chunk,2026-07-28,GABE_BEN_BBDF_part_08,Five-minute listening/transcription part derived from the Ben/Gabe BBDF conversation; not an additional original recording.,299.996208,7326855,2a56010de534ab2835ffd4b77f3e2ad8ea59b9064fc5afeede5d82fc8496db69,Derivatives\Ben and Gabe\GABE_BEN_BBDF_part_08.m4a,F:\SEED BANK\RECORDINGS\Derivatives\Ben and Gabe\GABE_BEN_BBDF_part_08.m4a,derived chunk,archived and verified,"[""GABE_BEN_BBDF_part_08.m4a""]","[{""title"": ""Ben/Gabe transcript set"", ""path"": ""C:\\Users\\benja\\Dropbox\\THE PERFORMANCE TEAM\\Sound Recordings\\GABE_BEN_7-28-26_TRANSCRIPT FILES"", ""relationship"": ""transcription chunk""}]",[]
R2bbf9c2a3ac6,[],derived_audio_chunk,2026-07-28,GABE_BEN_BBDF_part_27,Five-minute listening/transcription part derived from the Ben/Gabe BBDF conversation; not an additional original recording.,299.996229,7327694,2bbf9c2a3ac68f49d17f3336088afae3bbc6bd1f4b15884c3917ca0be9f0454d,Derivatives\Ben and Gabe\GABE_BEN_BBDF_part_27.m4a,F:\SEED BANK\RECORDINGS\Derivatives\Ben and Gabe\GABE_BEN_BBDF_part_27.m4a,derived chunk,archived and verified,"[""GABE_BEN_BBDF_part_27.m4a""]","[{""title"": ""Ben/Gabe transcript set"", ""path"": ""C:\\Users\\benja\\Dropbox\\THE PERFORMANCE TEAM\\Sound Recordings\\GABE_BEN_7-28-26_TRANSCRIPT FILES"", ""relationship"": ""transcription chunk""}]",[]
R2c35beeeba45,[],derived_audio_chunk,2026-07-28,GABE_BEN_BBDF_part_09,Five-minute listening/transcription part derived from the Ben/Gabe BBDF conversation; not an additional original recording.,299.996271,7326286,2c35beeeba459f962981d8cdbf0ddd324aeddb3e3387b6cbb31794dc843a0c54,Derivatives\Ben and Gabe\GABE_BEN_BBDF_part_09.m4a,F:\SEED BANK\RECORDINGS\Derivatives\Ben and Gabe\GABE_BEN_BBDF_part_09.m4a,derived chunk,archived and verified,"[""GABE_BEN_BBDF_part_09.m4a""]","[{""title"": ""Ben/Gabe transcript set"", ""path"": ""C:\\Users\\benja\\Dropbox\\THE PERFORMANCE TEAM\\Sound Recordings\\GABE_BEN_7-28-26_TRANSCRIPT FILES"", ""relationship"": ""transcription chunk""}]",[]
R2c3a19673e9b,[],derived_audio_chunk,2026-07-28,GABE_BEN_BBDF_part_03,Five-minute listening/transcription part derived from the Ben/Gabe BBDF conversation; not an additional original recording.,299.996313,7321768,2c3a19673e9b199f42e41e85bb9f2b1d6814c18a890673d2fd02d8cdf6e4868d,Derivatives\Ben and Gabe\GABE_BEN_BBDF_part_03.m4a,F:\SEED BANK\RECORDINGS\Derivatives\Ben and Gabe\GABE_BEN_BBDF_part_03.m4a,derived chunk,archived and verified,"[""GABE_BEN_BBDF_part_03.m4a""]","[{""title"": ""Ben/Gabe transcript set"", ""path"": ""C:\\Users\\benja\\Dropbox\\THE PERFORMANCE TEAM\\Sound Recordings\\GABE_BEN_7-28-26_TRANSCRIPT FILES"", ""relationship"": ""transcription chunk""}]",[]
R349786a27527,[],derived_audio_chunk,2026-07-28,GABE_BEN_BBDF_part_28,Five-minute listening/transcription part derived from the Ben/Gabe BBDF conversation; not an additional original recording.,299.995542,7325244,349786a27527a1109d452eba053cc5c831f1631aa590e42d3d80847d460e3f6f,Derivatives\Ben and Gabe\GABE_BEN_BBDF_part_28.m4a,F:\SEED BANK\RECORDINGS\Derivatives\Ben and Gabe\GABE_BEN_BBDF_part_28.m4a,derived chunk,archived and verified,"[""GABE_BEN_BBDF_part_28.m4a""]","[{""title"": ""Ben/Gabe transcript set"", ""path"": ""C:\\Users\\benja\\Dropbox\\THE PERFORMANCE TEAM\\Sound Recordings\\GABE_BEN_7-28-26_TRANSCRIPT FILES"", ""relationship"": ""transcription chunk""}]",[]
R3fd4b3a44418,[],derived_audio_chunk,2026-07-28,GABE_BEN_BBDF_part_29,Five-minute listening/transcription part derived from the Ben/Gabe BBDF conversation; not an additional original recording.,299.996958,7325399,3fd4b3a444181024b84b1604d3f18fa94a478650be8c9e6d813332c85fa997e0,Derivatives\Ben and Gabe\GABE_BEN_BBDF_part_29.m4a,F:\SEED BANK\RECORDINGS\Derivatives\Ben and Gabe\GABE_BEN_BBDF_part_29.m4a,derived chunk,archived and verified,"[""GABE_BEN_BBDF_part_29.m4a""]","[{""title"": ""Ben/Gabe transcript set"", ""path"": ""C:\\Users\\benja\\Dropbox\\THE PERFORMANCE TEAM\\Sound Recordings\\GABE_BEN_7-28-26_TRANSCRIPT FILES"", ""relationship"": ""transcription chunk""}]",[]
R4417a633d4f6,[],derived_audio_chunk,2026-07-28,GABE_BEN_BBDF_part_34,Five-minute listening/transcription part derived from the Ben/Gabe BBDF conversation; not an additional original recording.,299.996104,7325315,4417a633d4f6472fbe44b03c2b4dc4f3f16fd2c6d2430d19eff46574cb317843,Derivatives\Ben and Gabe\GABE_BEN_BBDF_part_34.m4a,F:\SEED BANK\RECORDINGS\Derivatives\Ben and Gabe\GABE_BEN_BBDF_part_34.m4a,derived chunk,archived and verified,"[""GABE_BEN_BBDF_part_34.m4a""]","[{""title"": ""Ben/Gabe transcript set"", ""path"": ""C:\\Users\\benja\\Dropbox\\THE PERFORMANCE TEAM\\Sound Recordings\\GABE_BEN_7-28-26_TRANSCRIPT FILES"", ""relationship"": ""transcription chunk""}]",[]
R5b720b141127,[],derived_audio_chunk,2026-07-28,GABE_BEN_BBDF_part_12,Five-minute listening/transcription part derived from the Ben/Gabe BBDF conversation; not an additional original recording.,299.996229,7318043,5b720b14112737c53d71edc4a6c0d59cfb5ccfdf79f0879e9bceed8d79881712,Derivatives\Ben and Gabe\GABE_BEN_BBDF_part_12.m4a,F:\SEED BANK\RECORDINGS\Derivatives\Ben and Gabe\GABE_BEN_BBDF_part_12.m4a,derived chunk,archived and verified,"[""GABE_BEN_BBDF_part_12.m4a""]","[{""title"": ""Ben/Gabe transcript set"", ""path"": ""C:\\Users\\benja\\Dropbox\\THE PERFORMANCE TEAM\\Sound Recordings\\GABE_BEN_7-28-26_TRANSCRIPT FILES"", ""relationship"": ""transcription chunk""}]",[]
R5dc444c1f805,[],derived_audio_chunk,2026-07-28,GABE_BEN_BBDF_part_23,Five-minute listening/transcription part derived from the Ben/Gabe BBDF conversation; not an additional original recording.,299.996229,7319001,5dc444c1f805ddd8789a070f6eba0c03ec41e2211f6b14bd16459b131598ad2c,Derivatives\Ben and Gabe\GABE_BEN_BBDF_part_23.m4a,F:\SEED BANK\RECORDINGS\Derivatives\Ben and Gabe\GABE_BEN_BBDF_part_23.m4a,derived chunk,archived and verified,"[""GABE_BEN_BBDF_part_23.m4a""]","[{""title"": ""Ben/Gabe transcript set"", ""path"": ""C:\\Users\\benja\\Dropbox\\THE PERFORMANCE TEAM\\Sound Recordings\\GABE_BEN_7-28-26_TRANSCRIPT FILES"", ""relationship"": ""transcription chunk""}]",[]
R6862275236f5,[],derived_audio_chunk,2026-07-28,GABE_BEN_BBDF_part_30,Five-minute listening/transcription part derived from the Ben/Gabe BBDF conversation; not an additional original recording.,300.016854,7328320,6862275236f5208c55a59785f566584d31aa4259b82207bf380ec8c5fe6c8102,Derivatives\Ben and Gabe\GABE_BEN_BBDF_part_30.m4a,F:\SEED BANK\RECORDINGS\Derivatives\Ben and Gabe\GABE_BEN_BBDF_part_30.m4a,derived chunk,archived and verified,"[""GABE_BEN_BBDF_part_30.m4a""]","[{""title"": ""Ben/Gabe transcript set"", ""path"": ""C:\\Users\\benja\\Dropbox\\THE PERFORMANCE TEAM\\Sound Recordings\\GABE_BEN_7-28-26_TRANSCRIPT FILES"", ""relationship"": ""transcription chunk""}]",[]
R71a8d9736212,[],derived_audio_chunk,2026-07-28,GABE_BEN_BBDF_part_01,Five-minute listening/transcription part derived from the Ben/Gabe BBDF conversation; not an additional original recording.,300.000438,7326090,71a8d97362121fef7963b530f44e7a8770553631c077397a8b233b9d434db0e5,Derivatives\Ben and Gabe\GABE_BEN_BBDF_part_01.m4a,F:\SEED BANK\RECORDINGS\Derivatives\Ben and Gabe\GABE_BEN_BBDF_part_01.m4a,derived chunk,archived and verified,"[""GABE_BEN_BBDF_part_01.m4a""]","[{""title"": ""Ben/Gabe transcript set"", ""path"": ""C:\\Users\\benja\\Dropbox\\THE PERFORMANCE TEAM\\Sound Recordings\\GABE_BEN_7-28-26_TRANSCRIPT FILES"", ""relationship"": ""transcription chunk""}]",[]
R83e92baed7bd,[],derived_audio_chunk,2026-07-28,GABE_BEN_BBDF_part_19,Five-minute listening/transcription part derived from the Ben/Gabe BBDF conversation; not an additional original recording.,300.017604,7330004,83e92baed7bdaeb3c825b99f7f8909a21ebc5795b1562939e5d029485e77be8b,Derivatives\Ben and Gabe\GABE_BEN_BBDF_part_19.m4a,F:\SEED BANK\RECORDINGS\Derivatives\Ben and Gabe\GABE_BEN_BBDF_part_19.m4a,derived chunk,archived and verified,"[""GABE_BEN_BBDF_part_19.m4a""]","[{""title"": ""Ben/Gabe transcript set"", ""path"": ""C:\\Users\\benja\\Dropbox\\THE PERFORMANCE TEAM\\Sound Recordings\\GABE_BEN_7-28-26_TRANSCRIPT FILES"", ""relationship"": ""transcription chunk""}]",[]
R89b2e3618021,[],derived_audio_chunk,2026-07-28,GABE_BEN_BBDF_part_14,Five-minute listening/transcription part derived from the Ben/Gabe BBDF conversation; not an additional original recording.,299.996958,7326188,89b2e361802124610df91330301ee86d1106dfe2520c3e6fd68f8b66e3aac8a5,Derivatives\Ben and Gabe\GABE_BEN_BBDF_part_14.m4a,F:\SEED BANK\RECORDINGS\Derivatives\Ben and Gabe\GABE_BEN_BBDF_part_14.m4a,derived chunk,archived and verified,"[""GABE_BEN_BBDF_part_14.m4a""]","[{""title"": ""Ben/Gabe transcript set"", ""path"": ""C:\\Users\\benja\\Dropbox\\THE PERFORMANCE TEAM\\Sound Recordings\\GABE_BEN_7-28-26_TRANSCRIPT FILES"", ""relationship"": ""transcription chunk""}]",[]
R8cf985848638,[],derived_audio_chunk,2026-07-28,GABE_BEN_BBDF_part_05,Five-minute listening/transcription part derived from the Ben/Gabe BBDF conversation; not an additional original recording.,299.996271,7324915,8cf985848638dae4d8d6bdc6d27e7159d5926dce33db4c32a68680955e6e2f96,Derivatives\Ben and Gabe\GABE_BEN_BBDF_part_05.m4a,F:\SEED BANK\RECORDINGS\Derivatives\Ben and Gabe\GABE_BEN_BBDF_part_05.m4a,derived chunk,archived and verified,"[""GABE_BEN_BBDF_part_05.m4a""]","[{""title"": ""Ben/Gabe transcript set"", ""path"": ""C:\\Users\\benja\\Dropbox\\THE PERFORMANCE TEAM\\Sound Recordings\\GABE_BEN_7-28-26_TRANSCRIPT FILES"", ""relationship"": ""transcription chunk""}]",[]
R8da5ea5cff2f,[],derived_audio_chunk,2026-07-28,GABE_BEN_BBDF_part_24,Five-minute listening/transcription part derived from the Ben/Gabe BBDF conversation; not an additional original recording.,300.017583,7318593,8da5ea5cff2ffddd4143b5115dce6b8ab1902f2a0cc71e3144b9af1e91fa2c89,Derivatives\Ben and Gabe\GABE_BEN_BBDF_part_24.m4a,F:\SEED BANK\RECORDINGS\Derivatives\Ben and Gabe\GABE_BEN_BBDF_part_24.m4a,derived chunk,archived and verified,"[""GABE_BEN_BBDF_part_24.m4a""]","[{""title"": ""Ben/Gabe transcript set"", ""path"": ""C:\\Users\\benja\\Dropbox\\THE PERFORMANCE TEAM\\Sound Recordings\\GABE_BEN_7-28-26_TRANSCRIPT FILES"", ""relationship"": ""transcription chunk""}]",[]
Ra15e68a6a900,[],derived_audio_chunk,2026-07-28,GABE_BEN_BBDF_part_33,Five-minute listening/transcription part derived from the Ben/Gabe BBDF conversation; not an additional original recording.,299.996375,7326793,a15e68a6a900601f824b4a964272d36393ca6e1e70c78d12c110e1bf23e4d24e,Derivatives\Ben and Gabe\GABE_BEN_BBDF_part_33.m4a,F:\SEED BANK\RECORDINGS\Derivatives\Ben and Gabe\GABE_BEN_BBDF_part_33.m4a,derived chunk,archived and verified,"[""GABE_BEN_BBDF_part_33.m4a""]","[{""title"": ""Ben/Gabe transcript set"", ""path"": ""C:\\Users\\benja\\Dropbox\\THE PERFORMANCE TEAM\\Sound Recordings\\GABE_BEN_7-28-26_TRANSCRIPT FILES"", ""relationship"": ""transcription chunk""}]",[]
Ra28071b0acd3,[],derived_audio_chunk,2026-07-28,GABE_BEN_BBDF_part_06,Five-minute listening/transcription part derived from the Ben/Gabe BBDF conversation; not an additional original recording.,299.996208,7327540,a28071b0acd34ee17b2ec8fbf0654cb532dc1c7f106a5f282091e2235f447fd3,Derivatives\Ben and Gabe\GABE_BEN_BBDF_part_06.m4a,F:\SEED BANK\RECORDINGS\Derivatives\Ben and Gabe\GABE_BEN_BBDF_part_06.m4a,derived chunk,archived and verified,"[""GABE_BEN_BBDF_part_06.m4a""]","[{""title"": ""Ben/Gabe transcript set"", ""path"": ""C:\\Users\\benja\\Dropbox\\THE PERFORMANCE TEAM\\Sound Recordings\\GABE_BEN_7-28-26_TRANSCRIPT FILES"", ""relationship"": ""transcription chunk""}]",[]
Ra367b47b3656,[],derived_audio_chunk,2026-07-28,GABE_BEN_BBDF_part_07,Five-minute listening/transcription part derived from the Ben/Gabe BBDF conversation; not an additional original recording.,300.017583,7327588,a367b47b3656791c8dae505d990b8a4ef8af474ad97ecb1a5ff9ac724160cea1,Derivatives\Ben and Gabe\GABE_BEN_BBDF_part_07.m4a,F:\SEED BANK\RECORDINGS\Derivatives\Ben and Gabe\GABE_BEN_BBDF_part_07.m4a,derived chunk,archived and verified,"[""GABE_BEN_BBDF_part_07.m4a""]","[{""title"": ""Ben/Gabe transcript set"", ""path"": ""C:\\Users\\benja\\Dropbox\\THE PERFORMANCE TEAM\\Sound Recordings\\GABE_BEN_7-28-26_TRANSCRIPT FILES"", ""relationship"": ""transcription chunk""}]",[]
Rb3e12003be35,[],derived_audio_chunk,2026-07-28,GABE_BEN_BBDF_part_10,Five-minute listening/transcription part derived from the Ben/Gabe BBDF conversation; not an additional original recording.,299.996229,7326964,b3e12003be35fc572f3d48834f2bac8e21709accce79dd9bc0442aca51378200,Derivatives\Ben and Gabe\GABE_BEN_BBDF_part_10.m4a,F:\SEED BANK\RECORDINGS\Derivatives\Ben and Gabe\GABE_BEN_BBDF_part_10.m4a,derived chunk,archived and verified,"[""GABE_BEN_BBDF_part_10.m4a""]","[{""title"": ""Ben/Gabe transcript set"", ""path"": ""C:\\Users\\benja\\Dropbox\\THE PERFORMANCE TEAM\\Sound Recordings\\GABE_BEN_7-28-26_TRANSCRIPT FILES"", ""relationship"": ""transcription chunk""}]",[]
Rbb818bf40d20,[],derived_audio_chunk,2026-07-28,GABE_BEN_BBDF_part_22,Five-minute listening/transcription part derived from the Ben/Gabe BBDF conversation; not an additional original recording.,299.996271,7320507,bb818bf40d20793eae0dc54c6bc49a9a26896fa837416f59b5918097e4559f8f,Derivatives\Ben and Gabe\GABE_BEN_BBDF_part_22.m4a,F:\SEED BANK\RECORDINGS\Derivatives\Ben and Gabe\GABE_BEN_BBDF_part_22.m4a,derived chunk,archived and verified,"[""GABE_BEN_BBDF_part_22.m4a""]","[{""title"": ""Ben/Gabe transcript set"", ""path"": ""C:\\Users\\benja\\Dropbox\\THE PERFORMANCE TEAM\\Sound Recordings\\GABE_BEN_7-28-26_TRANSCRIPT FILES"", ""relationship"": ""transcription chunk""}]",[]
Rcba2f6fb4015,[],derived_audio_chunk,2026-07-28,GABE_BEN_BBDF_part_32,Five-minute listening/transcription part derived from the Ben/Gabe BBDF conversation; not an additional original recording.,299.996042,7326989,cba2f6fb40159ba99f03c2a683246057d3138419a9f0c07a6c4ae98d81f906b5,Derivatives\Ben and Gabe\GABE_BEN_BBDF_part_32.m4a,F:\SEED BANK\RECORDINGS\Derivatives\Ben and Gabe\GABE_BEN_BBDF_part_32.m4a,derived chunk,archived and verified,"[""GABE_BEN_BBDF_part_32.m4a""]","[{""title"": ""Ben/Gabe transcript set"", ""path"": ""C:\\Users\\benja\\Dropbox\\THE PERFORMANCE TEAM\\Sound Recordings\\GABE_BEN_7-28-26_TRANSCRIPT FILES"", ""relationship"": ""transcription chunk""}]",[]
Rce6b80c7ad24,[],derived_audio_chunk,2026-07-28,GABE_BEN_BBDF_part_04,Five-minute listening/transcription part derived from the Ben/Gabe BBDF conversation; not an additional original recording.,299.996208,7323034,ce6b80c7ad24e80311563bc77f2407e53c6f746d055cd300c34ebadb8cbb1442,Derivatives\Ben and Gabe\GABE_BEN_BBDF_part_04.m4a,F:\SEED BANK\RECORDINGS\Derivatives\Ben and Gabe\GABE_BEN_BBDF_part_04.m4a,derived chunk,archived and verified,"[""GABE_BEN_BBDF_part_04.m4a""]","[{""title"": ""Ben/Gabe transcript set"", ""path"": ""C:\\Users\\benja\\Dropbox\\THE PERFORMANCE TEAM\\Sound Recordings\\GABE_BEN_7-28-26_TRANSCRIPT FILES"", ""relationship"": ""transcription chunk""}]",[]
Rd808d651a3b9,[],derived_audio_chunk,2026-07-28,GABE_BEN_BBDF_part_25,Five-minute listening/transcription part derived from the Ben/Gabe BBDF conversation; not an additional original recording.,299.996208,7325085,d808d651a3b96e3c3805d9fd6a70e29d47b2a3f1ef303f7a327961d29eb0de78,Derivatives\Ben and Gabe\GABE_BEN_BBDF_part_25.m4a,F:\SEED BANK\RECORDINGS\Derivatives\Ben and Gabe\GABE_BEN_BBDF_part_25.m4a,derived chunk,archived and verified,"[""GABE_BEN_BBDF_part_25.m4a""]","[{""title"": ""Ben/Gabe transcript set"", ""path"": ""C:\\Users\\benja\\Dropbox\\THE PERFORMANCE TEAM\\Sound Recordings\\GABE_BEN_7-28-26_TRANSCRIPT FILES"", ""relationship"": ""transcription chunk""}]",[]
Rdaee19d375c9,[],derived_audio_chunk,2026-07-28,GABE_BEN_BBDF_part_16,Five-minute listening/transcription part derived from the Ben/Gabe BBDF conversation; not an additional original recording.,299.996896,7330220,daee19d375c9146341fb7871ef5cd02f64f950b84dc912cd66440eaa09479889,Derivatives\Ben and Gabe\GABE_BEN_BBDF_part_16.m4a,F:\SEED BANK\RECORDINGS\Derivatives\Ben and Gabe\GABE_BEN_BBDF_part_16.m4a,derived chunk,archived and verified,"[""GABE_BEN_BBDF_part_16.m4a""]","[{""title"": ""Ben/Gabe transcript set"", ""path"": ""C:\\Users\\benja\\Dropbox\\THE PERFORMANCE TEAM\\Sound Recordings\\GABE_BEN_7-28-26_TRANSCRIPT FILES"", ""relationship"": ""transcription chunk""}]",[]
Rdfdcf09c73dc,[],derived_audio_chunk,2026-07-28,GABE_BEN_BBDF_part_15,Five-minute listening/transcription part derived from the Ben/Gabe BBDF conversation; not an additional original recording.,299.995542,7329854,dfdcf09c73dc2517ad1bfae7154d5bfad0c6880766ede2f78762af8d9778309c,Derivatives\Ben and Gabe\GABE_BEN_BBDF_part_15.m4a,F:\SEED BANK\RECORDINGS\Derivatives\Ben and Gabe\GABE_BEN_BBDF_part_15.m4a,derived chunk,archived and verified,"[""GABE_BEN_BBDF_part_15.m4a""]","[{""title"": ""Ben/Gabe transcript set"", ""path"": ""C:\\Users\\benja\\Dropbox\\THE PERFORMANCE TEAM\\Sound Recordings\\GABE_BEN_7-28-26_TRANSCRIPT FILES"", ""relationship"": ""transcription chunk""}]",[]
Re4b696df6928,[],derived_audio_chunk,2026-07-28,GABE_BEN_BBDF_part_13,Five-minute listening/transcription part derived from the Ben/Gabe BBDF conversation; not an additional original recording.,300.017583,7319413,e4b696df692831337c91c111daaa5d385f536eaf96b2986dff2fdfae29d0e531,Derivatives\Ben and Gabe\GABE_BEN_BBDF_part_13.m4a,F:\SEED BANK\RECORDINGS\Derivatives\Ben and Gabe\GABE_BEN_BBDF_part_13.m4a,derived chunk,archived and verified,"[""GABE_BEN_BBDF_part_13.m4a""]","[{""title"": ""Ben/Gabe transcript set"", ""path"": ""C:\\Users\\benja\\Dropbox\\THE PERFORMANCE TEAM\\Sound Recordings\\GABE_BEN_7-28-26_TRANSCRIPT FILES"", ""relationship"": ""transcription chunk""}]",[]
Rea2c7efdbf63,[],derived_audio_chunk,2026-07-28,GABE_BEN_BBDF_part_21,Five-minute listening/transcription part derived from the Ben/Gabe BBDF conversation; not an additional original recording.,299.996208,7333359,ea2c7efdbf63e502e93b8a20e3bba1174b4fa1f5589ca865fcecd2a5a4bbc450,Derivatives\Ben and Gabe\GABE_BEN_BBDF_part_21.m4a,F:\SEED BANK\RECORDINGS\Derivatives\Ben and Gabe\GABE_BEN_BBDF_part_21.m4a,derived chunk,archived and verified,"[""GABE_BEN_BBDF_part_21.m4a""]","[{""title"": ""Ben/Gabe transcript set"", ""path"": ""C:\\Users\\benja\\Dropbox\\THE PERFORMANCE TEAM\\Sound Recordings\\GABE_BEN_7-28-26_TRANSCRIPT FILES"", ""relationship"": ""transcription chunk""}]",[]
Rfb9105a4d3d6,[],derived_audio_chunk,2026-07-28,GABE_BEN_BBDF_part_11,Five-minute listening/transcription part derived from the Ben/Gabe BBDF conversation; not an additional original recording.,299.99625,7322297,fb9105a4d3d62b1573260f21c993433eef064fe06120356c358b4fb1a6ffa458,Derivatives\Ben and Gabe\GABE_BEN_BBDF_part_11.m4a,F:\SEED BANK\RECORDINGS\Derivatives\Ben and Gabe\GABE_BEN_BBDF_part_11.m4a,derived chunk,archived and verified,"[""GABE_BEN_BBDF_part_11.m4a""]","[{""title"": ""Ben/Gabe transcript set"", ""path"": ""C:\\Users\\benja\\Dropbox\\THE PERFORMANCE TEAM\\Sound Recordings\\GABE_BEN_7-28-26_TRANSCRIPT FILES"", ""relationship"": ""transcription chunk""}]",[]
Rfe9e48d4a886,[],derived_audio_chunk,2026-07-28,GABE_BEN_BBDF_part_20,Five-minute listening/transcription part derived from the Ben/Gabe BBDF conversation; not an additional original recording.,299.996229,7332213,fe9e48d4a8865f552695d0ef61c8466eb543826d02e97d054272a46db64e0d0a,Derivatives\Ben and Gabe\GABE_BEN_BBDF_part_20.m4a,F:\SEED BANK\RECORDINGS\Derivatives\Ben and Gabe\GABE_BEN_BBDF_part_20.m4a,derived chunk,archived and verified,"[""GABE_BEN_BBDF_part_20.m4a""]","[{""title"": ""Ben/Gabe transcript set"", ""path"": ""C:\\Users\\benja\\Dropbox\\THE PERFORMANCE TEAM\\Sound Recordings\\GABE_BEN_7-28-26_TRANSCRIPT FILES"", ""relationship"": ""transcription chunk""}]",[]
R49353ce5bfa0,"[""S39""]",recovered_derivative,2026-09-20,"Recovered interior lessons - floors, stairs and fireplaces","Playable recovery of the interrupted recording. Both video and audio pass a strict full decode; reviewed sample frames include the opening, interior lessons and fireplace material at the ending. The shutdown may have prevented additional material being written.",8589.866667,4178290621,49353ce5bfa065beafd217d5d9c4a720f4e14f3a1cc6c96ea4e755ed544663ec,Home Inspection\2026-09-20 - S39 - Recovered interior floors stairs and fireplaces - R49353ce5bfa0.mp4,F:\SEED BANK\RECORDINGS\Home Inspection\2026-09-20 - S39 - Recovered interior floors stairs and fireplaces - R49353ce5bfa0.mp4,SG-010 source review and incorporation pending,archived and verified,"[""20260920-2321-59.9933838.mp4 (damaged parent; different bytes)""]","[{""title"": ""Home Inspection Study Guide family"", ""path"": ""C:\\Users\\benja\\Dropbox\\THE PERFORMANCE TEAM\\Home Inspection Training\\CURRENT EDITION"", ""relationship"": ""S39 incorporation pending""}, {""title"": ""Recovery receipt"", ""path"": ""F:\\SEED BANK\\DATA_ARCHIVE\\HOME_INSPECTION\\Working Evidence\\mp4-recovery-20260921\\RECOVERY RECEIPT.json"", ""relationship"": ""full decoding verification and original-to-repaired provenance""}]",[]
